eva_count_list,eva_value_list,control_tag_list,servers_list
1,8.722054719924927,S,"('192.168.0.18', 5001)"
2,15.858845949172974,S,"('192.168.0.16', 5001)"
3,25.177988052368164,S,"('192.168.0.16', 5001)"
4,22.295496940612793,S,"('192.168.0.16', 5001)"
5,26.375059366226196,S,"('192.168.0.16', 5001)"
6,27.353898763656616,S,"('192.168.0.18', 5001)"
7,26.466402053833008,S,"('192.168.0.17', 5001)"
8,27.57222867012024,S,"('192.168.0.15', 5001)"
9,28.09020757675171,S,"('192.168.0.16', 5001)"
10,31.91669273376465,S,"('192.168.0.17', 5001)"
11,29.221925497055054,S,"('192.168.0.15', 5001)"
12,55.19251775741577,S,"('192.168.0.18', 5001)"
13,35.99914288520813,S,"('192.168.0.15', 5001)"
14,36.410797357559204,S,"('192.168.0.17', 5001)"
15,33.86977744102478,S,"('192.168.0.15', 5001)"
16,36.17220067977905,S,"('192.168.0.15', 5001)"
17,30.507155179977417,S,"('192.168.0.17', 5001)"
18,47.42925810813904,S,"('192.168.0.17', 5001)"
19,55.20865869522095,S,"('192.168.0.16', 5001)"
20,55.7635977268219,S,"('192.168.0.15', 5001)"
21,52.136170387268066,S,"('192.168.0.18', 5001)"
22,17.210887670516968,S,"('192.168.0.15', 5001)"
23,20.78299903869629,S,"('192.168.0.16', 5001)"
24,16.833263635635376,S,"('192.168.0.17', 5001)"
25,19.623485803604126,S,"('192.168.0.18', 5001)"
26,21.089793920516968,S,"('192.168.0.16', 5001)"
27,34.78202509880066,S,"('192.168.0.18', 5001)"
28,21.890286922454834,S,"('192.168.0.17', 5001)"
29,41.25622844696045,S,"('192.168.0.15', 5001)"
30,52.125489950180054,S,"('192.168.0.15', 5001)"
31,33.80687713623047,S,"('192.168.0.15', 5001)"
32,27.60586166381836,S,"('192.168.0.16', 5001)"
33,49.61122369766235,S,"('192.168.0.16', 5001)"
34,29.01894187927246,S,"('192.168.0.16', 5001)"
35,32.865445375442505,S,"('192.168.0.17', 5001)"
36,35.89200782775879,S,"('192.168.0.17', 5001)"
37,35.104673862457275,S,"('192.168.0.16', 5001)"
38,36.85834717750549,S,"('192.168.0.16', 5001)"
39,43.02231240272522,S,"('192.168.0.15', 5001)"
40,25.324581623077393,S,"('192.168.0.16', 5001)"
41,28.7931706905365,S,"('192.168.0.16', 5001)"
42,33.49890947341919,S,"('192.168.0.18', 5001)"
43,28.604286432266235,S,"('192.168.0.18', 5001)"
44,38.019920110702515,S,"('192.168.0.15', 5001)"
45,18.285281658172607,S,"('192.168.0.16', 5001)"
46,48.30065202713013,S,"('192.168.0.15', 5001)"
47,47.05156326293945,S,"('192.168.0.15', 5001)"
48,51.39391374588013,S,"('192.168.0.18', 5001)"
49,22.821942567825317,S,"('192.168.0.16', 5001)"
50,5.314623594284058,S,"('192.168.0.18', 5001)"
51,15.28626036643982,S,"('192.168.0.15', 5001)"
52,68.67513918876648,S,"('192.168.0.17', 5001)"
53,20.952905893325806,S,"('192.168.0.18', 5001)"
54,51.456727027893066,S,"('192.168.0.17', 5001)"
55,19.859315395355225,S,"('192.168.0.16', 5001)"
56,18.409526824951172,S,"('192.168.0.17', 5001)"
57,42.10489749908447,S,"('192.168.0.17', 5001)"
58,84.96249413490295,S,"('192.168.0.15', 5001)"
59,48.41311836242676,S,"('192.168.0.17', 5001)"
60,30.085604906082153,S,"('192.168.0.18', 5001)"
61,55.98075795173645,S,"('192.168.0.17', 5001)"
62,8.20228123664856,S,"('192.168.0.16', 5001)"
63,27.536271810531616,S,"('192.168.0.17', 5001)"
64,17.698631763458252,S,"('192.168.0.17', 5001)"
65,44.121028423309326,S,"('192.168.0.15', 5001)"
66,35.06214237213135,S,"('192.168.0.15', 5001)"
67,42.39287185668945,S,"('192.168.0.17', 5001)"
68,27.809951543807983,S,"('192.168.0.16', 5001)"
69,30.933481693267822,S,"('192.168.0.18', 5001)"
70,32.789905071258545,S,"('192.168.0.15', 5001)"
71,33.31048369407654,S,"('192.168.0.18', 5001)"
72,97.26287198066711,S,"('192.168.0.18', 5001)"
73,29.90923500061035,S,"('192.168.0.17', 5001)"
74,26.323554754257202,S,"('192.168.0.16', 5001)"
75,27.440030813217163,S,"('192.168.0.15', 5001)"
76,35.80622410774231,S,"('192.168.0.15', 5001)"
77,30.532455682754517,S,"('192.168.0.15', 5001)"
78,32.86492443084717,S,"('192.168.0.15', 5001)"
79,36.09904384613037,S,"('192.168.0.17', 5001)"
80,36.776400327682495,S,"('192.168.0.16', 5001)"
81,13.656711339950562,S,"('192.168.0.17', 5001)"
82,37.03944492340088,S,"('192.168.0.15', 5001)"
83,21.394843101501465,S,"('192.168.0.16', 5001)"
84,18.602110624313354,S,"('192.168.0.17', 5001)"
85,38.808574199676514,S,"('192.168.0.18', 5001)"
86,36.77507472038269,S,"('192.168.0.15', 5001)"
87,50.52991485595703,S,"('192.168.0.15', 5001)"
88,43.69287467002869,S,"('192.168.0.15', 5001)"
89,34.079718828201294,S,"('192.168.0.16', 5001)"
90,36.412277936935425,S,"('192.168.0.17', 5001)"
91,37.130945682525635,S,"('192.168.0.16', 5001)"
92,73.99303984642029,S,"('192.168.0.15', 5001)"
93,36.23787808418274,S,"('192.168.0.15', 5001)"
94,25.657259702682495,S,"('192.168.0.17', 5001)"
95,30.53114080429077,S,"('192.168.0.15', 5001)"
96,29.313570737838745,S,"('192.168.0.18', 5001)"
97,38.19084930419922,S,"('192.168.0.15', 5001)"
98,44.51935386657715,S,"('192.168.0.18', 5001)"
99,32.70463299751282,S,"('192.168.0.17', 5001)"
100,40.2459180355072,S,"('192.168.0.15', 5001)"
101,33.350833892822266,S,"('192.168.0.17', 5001)"
102,33.170738220214844,S,"('192.168.0.15', 5001)"
103,5.3180670738220215,S,"('192.168.0.18', 5001)"
104,12.597216367721558,S,"('192.168.0.18', 5001)"
105,63.389652729034424,S,"('192.168.0.15', 5001)"
106,106.32520914077759,S,"('192.168.0.15', 5001)"
107,46.200297355651855,S,"('192.168.0.16', 5001)"
108,77.54980278015137,S,"('192.168.0.17', 5001)"
109,51.56532669067383,S,"('192.168.0.15', 5001)"
110,10.193352699279785,S,"('192.168.0.15', 5001)"
111,65.9358606338501,S,"('192.168.0.18', 5001)"
112,160.09289860725403,S,"('192.168.0.18', 5001)"
113,138.61338019371033,S,"('192.168.0.18', 5001)"
114,136.28693556785583,S,"('192.168.0.16', 5001)"
115,18.55323362350464,S,"('192.168.0.18', 5001)"
116,21.09164834022522,S,"('192.168.0.15', 5001)"
117,21.414047956466675,S,"('192.168.0.15', 5001)"
118,25.33370614051819,S,"('192.168.0.16', 5001)"
119,27.215600967407227,S,"('192.168.0.18', 5001)"
120,31.572524547576904,S,"('192.168.0.15', 5001)"
121,27.091925382614136,S,"('192.168.0.16', 5001)"
122,34.029958963394165,S,"('192.168.0.15', 5001)"
123,24.572481155395508,S,"('192.168.0.17', 5001)"
124,21.416711568832397,S,"('192.168.0.17', 5001)"
125,24.350979328155518,S,"('192.168.0.16', 5001)"
126,33.88497304916382,S,"('192.168.0.18', 5001)"
127,23.406803846359253,S,"('192.168.0.16', 5001)"
128,29.899158239364624,S,"('192.168.0.17', 5001)"
129,27.64519238471985,S,"('192.168.0.17', 5001)"
130,41.59848642349243,S,"('192.168.0.17', 5001)"
131,29.349106550216675,S,"('192.168.0.15', 5001)"
132,19.91954755783081,S,"('192.168.0.16', 5001)"
133,24.68623971939087,S,"('192.168.0.16', 5001)"
134,20.955772638320923,S,"('192.168.0.15', 5001)"
135,36.71924924850464,S,"('192.168.0.16', 5001)"
136,23.356191635131836,S,"('192.168.0.15', 5001)"
137,20.03214693069458,S,"('192.168.0.17', 5001)"
138,31.438042163848877,S,"('192.168.0.18', 5001)"
139,21.378501415252686,S,"('192.168.0.18', 5001)"
140,36.33216738700867,S,"('192.168.0.18', 5001)"
141,282.93314719200134,S,"('192.168.0.15', 5001)"
142,35.24647641181946,S,"('192.168.0.17', 5001)"
143,25.086228132247925,S,"('192.168.0.15', 5001)"
144,38.75575494766235,S,"('192.168.0.16', 5001)"
145,42.102659940719604,S,"('192.168.0.16', 5001)"
146,22.04795479774475,S,"('192.168.0.17', 5001)"
147,41.656158208847046,S,"('192.168.0.16', 5001)"
148,272.2741928100586,S,"('192.168.0.17', 5001)"
149,38.38191199302673,S,"('192.168.0.15', 5001)"
150,13.740952014923096,S,"('192.168.0.17', 5001)"
151,19.380237340927124,S,"('192.168.0.18', 5001)"
152,20.513890027999878,S,"('192.168.0.18', 5001)"
153,19.424855947494507,S,"('192.168.0.17', 5001)"
154,24.497732400894165,S,"('192.168.0.18', 5001)"
155,19.82525944709778,S,"('192.168.0.17', 5001)"
156,52.07214903831482,S,"('192.168.0.15', 5001)"
157,49.34795260429382,S,"('192.168.0.16', 5001)"
158,35.53670692443848,S,"('192.168.0.17', 5001)"
159,55.173643827438354,S,"('192.168.0.17', 5001)"
160,36.741610050201416,S,"('192.168.0.16', 5001)"
161,15.2406005859375,S,"('192.168.0.16', 5001)"
162,24.46567988395691,S,"('192.168.0.18', 5001)"
163,24.200143337249756,S,"('192.168.0.16', 5001)"
164,25.711241006851196,S,"('192.168.0.18', 5001)"
165,46.27742147445679,S,"('192.168.0.16', 5001)"
166,36.5260534286499,S,"('192.168.0.17', 5001)"
167,32.76837754249573,S,"('192.168.0.15', 5001)"
168,14.246534585952759,S,"('192.168.0.18', 5001)"
169,20.94071865081787,S,"('192.168.0.16', 5001)"
170,49.51580476760864,S,"('192.168.0.17', 5001)"
171,23.217761993408203,S,"('192.168.0.17', 5001)"
172,24.397311210632324,S,"('192.168.0.16', 5001)"
173,51.197123765945435,S,"('192.168.0.17', 5001)"
174,32.90139579772949,S,"('192.168.0.15', 5001)"
175,50.60770320892334,S,"('192.168.0.15', 5001)"
176,14.486525774002075,S,"('192.168.0.16', 5001)"
177,37.26292300224304,S,"('192.168.0.15', 5001)"
178,25.68728494644165,S,"('192.168.0.18', 5001)"
179,26.15841054916382,S,"('192.168.0.18', 5001)"
180,73.24155783653259,S,"('192.168.0.16', 5001)"
181,26.524501085281372,S,"('192.168.0.18', 5001)"
182,47.702646255493164,S,"('192.168.0.17', 5001)"
183,31.932342290878296,S,"('192.168.0.16', 5001)"
184,64.57095313072205,S,"('192.168.0.18', 5001)"
185,16.64852499961853,S,"('192.168.0.17', 5001)"
186,21.140044689178467,S,"('192.168.0.16', 5001)"
187,66.26210951805115,S,"('192.168.0.16', 5001)"
188,18.80720281600952,S,"('192.168.0.17', 5001)"
189,8.01240348815918,S,"('192.168.0.18', 5001)"
190,15.280554294586182,S,"('192.168.0.15', 5001)"
191,12.457615852355957,S,"('192.168.0.18', 5001)"
192,41.524983406066895,S,"('192.168.0.17', 5001)"
193,132.12586879730225,S,"('192.168.0.16', 5001)"
194,17.123304843902588,S,"('192.168.0.18', 5001)"
195,7.692349195480347,S,"('192.168.0.17', 5001)"
196,54.69576406478882,S,"('192.168.0.16', 5001)"
197,23.42288851737976,S,"('192.168.0.16', 5001)"
198,57.8181586265564,S,"('192.168.0.18', 5001)"
199,17.638645887374878,S,"('192.168.0.18', 5001)"
200,33.5404326915741,S,"('192.168.0.17', 5001)"
201,28.621797800064087,S,"('192.168.0.15', 5001)"
202,27.8975772857666,S,"('192.168.0.17', 5001)"
203,46.950769901275635,S,"('192.168.0.17', 5001)"
204,32.30758261680603,S,"('192.168.0.16', 5001)"
205,19.7921724319458,S,"('192.168.0.15', 5001)"
206,39.234259366989136,S,"('192.168.0.17', 5001)"
207,15.210973978042603,S,"('192.168.0.15', 5001)"
208,34.11983633041382,S,"('192.168.0.17', 5001)"
209,33.179972410202026,S,"('192.168.0.16', 5001)"
210,27.45803713798523,S,"('192.168.0.17', 5001)"
211,38.12261915206909,S,"('192.168.0.17', 5001)"
212,24.624653339385986,S,"('192.168.0.15', 5001)"
213,17.798203706741333,S,"('192.168.0.18', 5001)"
214,46.001941442489624,S,"('192.168.0.16', 5001)"
215,23.597724437713623,S,"('192.168.0.17', 5001)"
216,28.66714382171631,S,"('192.168.0.15', 5001)"
217,39.211360454559326,S,"('192.168.0.16', 5001)"
218,148.36193943023682,S,"('192.168.0.16', 5001)"
219,33.929114818573,S,"('192.168.0.18', 5001)"
220,40.780855655670166,S,"('192.168.0.17', 5001)"
221,16.1221923828125,S,"('192.168.0.15', 5001)"
222,38.94908261299133,S,"('192.168.0.18', 5001)"
223,37.04880619049072,S,"('192.168.0.16', 5001)"
224,21.442687034606934,S,"('192.168.0.17', 5001)"
225,46.22841119766235,S,"('192.168.0.15', 5001)"
226,26.022910594940186,S,"('192.168.0.16', 5001)"
227,25.815175771713257,S,"('192.168.0.15', 5001)"
228,27.87300705909729,S,"('192.168.0.16', 5001)"
229,22.547695636749268,S,"('192.168.0.15', 5001)"
230,43.81880831718445,S,"('192.168.0.16', 5001)"
231,18.755561590194702,S,"('192.168.0.18', 5001)"
232,47.2691445350647,S,"('192.168.0.15', 5001)"
233,25.93309783935547,S,"('192.168.0.17', 5001)"
234,22.60149073600769,S,"('192.168.0.18', 5001)"
235,23.65718722343445,S,"('192.168.0.16', 5001)"
236,27.755374431610107,S,"('192.168.0.15', 5001)"
237,28.44826650619507,S,"('192.168.0.18', 5001)"
238,58.46085810661316,S,"('192.168.0.17', 5001)"
239,32.47343707084656,S,"('192.168.0.16', 5001)"
240,22.139413118362427,S,"('192.168.0.17', 5001)"
241,22.472046613693237,S,"('192.168.0.15', 5001)"
242,97.0276575088501,S,"('192.168.0.16', 5001)"
243,22.134266138076782,S,"('192.168.0.18', 5001)"
244,25.367751359939575,S,"('192.168.0.16', 5001)"
245,34.52722978591919,S,"('192.168.0.17', 5001)"
246,37.47948694229126,S,"('192.168.0.17', 5001)"
247,36.47686982154846,S,"('192.168.0.18', 5001)"
248,31.89248299598694,S,"('192.168.0.16', 5001)"
249,28.27727746963501,S,"('192.168.0.16', 5001)"
250,45.285505294799805,S,"('192.168.0.16', 5001)"
251,37.594380140304565,S,"('192.168.0.15', 5001)"
252,34.98461318016052,S,"('192.168.0.15', 5001)"
253,37.015467405319214,S,"('192.168.0.18', 5001)"
254,30.535938501358032,S,"('192.168.0.18', 5001)"
255,29.923686027526855,S,"('192.168.0.18', 5001)"
256,30.771092176437378,S,"('192.168.0.18', 5001)"
257,29.319103479385376,S,"('192.168.0.15', 5001)"
258,32.55188870429993,S,"('192.168.0.16', 5001)"
259,27.28876566886902,S,"('192.168.0.18', 5001)"
260,36.595805406570435,S,"('192.168.0.16', 5001)"
261,34.79489588737488,S,"('192.168.0.15', 5001)"
262,28.75816822052002,S,"('192.168.0.17', 5001)"
263,34.89440417289734,S,"('192.168.0.16', 5001)"
264,46.959434032440186,S,"('192.168.0.17', 5001)"
265,32.103127241134644,S,"('192.168.0.15', 5001)"
266,30.595133066177368,S,"('192.168.0.16', 5001)"
267,33.892470359802246,S,"('192.168.0.16', 5001)"
268,55.705283641815186,S,"('192.168.0.17', 5001)"
269,37.960888147354126,S,"('192.168.0.15', 5001)"
270,24.76443338394165,S,"('192.168.0.18', 5001)"
271,26.813968658447266,S,"('192.168.0.18', 5001)"
272,24.069107055664062,S,"('192.168.0.16', 5001)"
273,26.652360439300537,S,"('192.168.0.17', 5001)"
274,23.84404730796814,S,"('192.168.0.18', 5001)"
275,44.51190400123596,S,"('192.168.0.15', 5001)"
276,39.80838990211487,S,"('192.168.0.18', 5001)"
277,42.713250398635864,S,"('192.168.0.15', 5001)"
278,57.020020723342896,S,"('192.168.0.17', 5001)"
279,43.791268825531006,S,"('192.168.0.16', 5001)"
280,76.1989414691925,S,"('192.168.0.18', 5001)"
281,45.776795864105225,S,"('192.168.0.15', 5001)"
282,6.680422306060791,S,"('192.168.0.18', 5001)"
283,63.81670784950256,S,"('192.168.0.16', 5001)"
284,9.611774206161499,S,"('192.168.0.18', 5001)"
285,14.238131999969482,S,"('192.168.0.15', 5001)"
286,22.70463991165161,S,"('192.168.0.15', 5001)"
287,30.05840277671814,S,"('192.168.0.18', 5001)"
288,60.247097969055176,S,"('192.168.0.15', 5001)"
289,24.279520988464355,S,"('192.168.0.18', 5001)"
290,25.64773440361023,S,"('192.168.0.15', 5001)"
291,21.72848653793335,S,"('192.168.0.16', 5001)"
292,34.04006099700928,S,"('192.168.0.16', 5001)"
293,71.21200680732727,S,"('192.168.0.18', 5001)"
294,22.21240520477295,S,"('192.168.0.15', 5001)"
295,25.31346321105957,S,"('192.168.0.15', 5001)"
296,28.445518016815186,S,"('192.168.0.18', 5001)"
297,105.38997459411621,S,"('192.168.0.17', 5001)"
298,24.69567346572876,S,"('192.168.0.15', 5001)"
299,28.974406242370605,S,"('192.168.0.18', 5001)"
300,29.831604719161987,S,"('192.168.0.16', 5001)"
301,19.24898600578308,S,"('192.168.0.17', 5001)"
302,39.74092626571655,S,"('192.168.0.15', 5001)"
303,52.77824425697327,S,"('192.168.0.15', 5001)"
304,17.898815870285034,S,"('192.168.0.18', 5001)"
305,46.55021095275879,S,"('192.168.0.15', 5001)"
306,44.17498183250427,S,"('192.168.0.16', 5001)"
307,37.78315234184265,S,"('192.168.0.17', 5001)"
308,54.279674768447876,S,"('192.168.0.16', 5001)"
309,22.96767282485962,S,"('192.168.0.18', 5001)"
310,23.429301500320435,S,"('192.168.0.17', 5001)"
311,48.77999234199524,S,"('192.168.0.18', 5001)"
312,27.991133213043213,S,"('192.168.0.17', 5001)"
313,41.17615628242493,S,"('192.168.0.17', 5001)"
314,24.0517475605011,S,"('192.168.0.15', 5001)"
315,45.22722864151001,S,"('192.168.0.17', 5001)"
316,23.100061416625977,S,"('192.168.0.15', 5001)"
317,50.1077516078949,S,"('192.168.0.17', 5001)"
318,18.51729416847229,S,"('192.168.0.17', 5001)"
319,41.404266595840454,S,"('192.168.0.15', 5001)"
320,54.66563391685486,S,"('192.168.0.15', 5001)"
321,45.185657024383545,S,"('192.168.0.17', 5001)"
322,30.290940761566162,S,"('192.168.0.18', 5001)"
323,43.69046711921692,S,"('192.168.0.15', 5001)"
324,22.943527698516846,S,"('192.168.0.17', 5001)"
325,28.665379762649536,S,"('192.168.0.16', 5001)"
326,29.045366287231445,S,"('192.168.0.18', 5001)"
327,24.181923151016235,S,"('192.168.0.18', 5001)"
328,26.95674967765808,S,"('192.168.0.15', 5001)"
329,15.667697668075562,S,"('192.168.0.18', 5001)"
330,48.19248557090759,S,"('192.168.0.17', 5001)"
331,25.45638155937195,S,"('192.168.0.18', 5001)"
332,22.791040420532227,S,"('192.168.0.17', 5001)"
333,11.381548881530762,S,"('192.168.0.17', 5001)"
334,52.01466703414917,S,"('192.168.0.18', 5001)"
335,49.58695101737976,S,"('192.168.0.17', 5001)"
336,44.755181312561035,S,"('192.168.0.16', 5001)"
337,4.437501668930054,S,"('192.168.0.18', 5001)"
338,45.72096300125122,S,"('192.168.0.16', 5001)"
339,59.99674916267395,S,"('192.168.0.16', 5001)"
340,83.12522006034851,S,"('192.168.0.16', 5001)"
341,78.97680974006653,S,"('192.168.0.16', 5001)"
342,14.444326162338257,S,"('192.168.0.18', 5001)"
343,56.225643157958984,S,"('192.168.0.15', 5001)"
344,16.71088480949402,S,"('192.168.0.17', 5001)"
345,31.787638902664185,S,"('192.168.0.16', 5001)"
346,31.49126362800598,S,"('192.168.0.18', 5001)"
347,27.52007508277893,S,"('192.168.0.17', 5001)"
348,29.637913942337036,S,"('192.168.0.16', 5001)"
349,31.61164951324463,S,"('192.168.0.15', 5001)"
350,32.75239896774292,S,"('192.168.0.17', 5001)"
351,38.29152536392212,S,"('192.168.0.16', 5001)"
352,40.28067708015442,S,"('192.168.0.16', 5001)"
353,47.81486248970032,S,"('192.168.0.16', 5001)"
354,20.49826455116272,S,"('192.168.0.16', 5001)"
355,23.162384271621704,S,"('192.168.0.15', 5001)"
356,15.757038354873657,S,"('192.168.0.16', 5001)"
357,16.93123173713684,S,"('192.168.0.15', 5001)"
358,3.5408923625946045,S,"('192.168.0.18', 5001)"
359,4.742074966430664,S,"('192.168.0.18', 5001)"
360,44.2817223072052,S,"('192.168.0.15', 5001)"
361,15.025520324707031,S,"('192.168.0.18', 5001)"
362,81.48798751831055,S,"('192.168.0.17', 5001)"
363,21.41937232017517,S,"('192.168.0.18', 5001)"
364,21.515818119049072,S,"('192.168.0.18', 5001)"
365,26.02998948097229,S,"('192.168.0.18', 5001)"
366,27.710970640182495,S,"('192.168.0.16', 5001)"
367,30.413268327713013,S,"('192.168.0.15', 5001)"
368,36.83207154273987,S,"('192.168.0.15', 5001)"
369,18.913352966308594,S,"('192.168.0.18', 5001)"
370,44.474722385406494,S,"('192.168.0.18', 5001)"
371,41.07579040527344,S,"('192.168.0.17', 5001)"
372,19.189530611038208,S,"('192.168.0.18', 5001)"
373,23.4229679107666,S,"('192.168.0.16', 5001)"
374,26.55298113822937,S,"('192.168.0.18', 5001)"
375,28.240418195724487,S,"('192.168.0.15', 5001)"
376,33.079917669296265,S,"('192.168.0.15', 5001)"
377,30.967551469802856,S,"('192.168.0.17', 5001)"
378,30.441813468933105,S,"('192.168.0.17', 5001)"
379,40.37495422363281,S,"('192.168.0.17', 5001)"
380,30.661391019821167,S,"('192.168.0.18', 5001)"
381,37.65896010398865,S,"('192.168.0.15', 5001)"
382,39.677608489990234,S,"('192.168.0.15', 5001)"
383,37.950913190841675,S,"('192.168.0.15', 5001)"
384,26.821685791015625,S,"('192.168.0.17', 5001)"
385,26.088611841201782,S,"('192.168.0.16', 5001)"
386,30.80227255821228,S,"('192.168.0.17', 5001)"
387,29.90493083000183,S,"('192.168.0.17', 5001)"
388,42.10081481933594,S,"('192.168.0.17', 5001)"
389,33.26029896736145,S,"('192.168.0.18', 5001)"
390,41.00157189369202,S,"('192.168.0.15', 5001)"
391,43.04634618759155,S,"('192.168.0.16', 5001)"
392,47.90966176986694,S,"('192.168.0.16', 5001)"
393,15.119820356369019,S,"('192.168.0.15', 5001)"
394,8.68576455116272,S,"('192.168.0.15', 5001)"
395,6.709524869918823,S,"('192.168.0.18', 5001)"
396,14.806984424591064,S,"('192.168.0.15', 5001)"
397,16.162731170654297,S,"('192.168.0.18', 5001)"
398,70.42835927009583,S,"('192.168.0.18', 5001)"
399,47.63599705696106,S,"('192.168.0.17', 5001)"
400,8.763680696487427,S,"('192.168.0.15', 5001)"
401,61.89344668388367,S,"('192.168.0.15', 5001)"
402,19.70948839187622,S,"('192.168.0.16', 5001)"
403,69.84149074554443,S,"('192.168.0.15', 5001)"
404,76.96410012245178,S,"('192.168.0.18', 5001)"
405,29.9175226688385,S,"('192.168.0.16', 5001)"
406,30.937864542007446,S,"('192.168.0.18', 5001)"
407,28.01415205001831,S,"('192.168.0.18', 5001)"
408,33.86167526245117,S,"('192.168.0.16', 5001)"
409,35.21562743186951,S,"('192.168.0.17', 5001)"
410,31.44126582145691,S,"('192.168.0.16', 5001)"
411,42.941542625427246,S,"('192.168.0.18', 5001)"
412,17.089180946350098,S,"('192.168.0.15', 5001)"
413,44.339749574661255,S,"('192.168.0.17', 5001)"
414,28.173277854919434,S,"('192.168.0.15', 5001)"
415,30.669893503189087,S,"('192.168.0.17', 5001)"
416,35.138981103897095,S,"('192.168.0.15', 5001)"
417,8.777727127075195,S,"('192.168.0.15', 5001)"
418,7.728001356124878,S,"('192.168.0.18', 5001)"
419,3.843276262283325,S,"('192.168.0.17', 5001)"
420,52.80017066001892,S,"('192.168.0.16', 5001)"
421,72.44251847267151,S,"('192.168.0.18', 5001)"
422,21.054336071014404,S,"('192.168.0.15', 5001)"
423,106.97830176353455,S,"('192.168.0.18', 5001)"
424,25.579955101013184,S,"('192.168.0.17', 5001)"
425,101.90313243865967,S,"('192.168.0.17', 5001)"
426,29.296735763549805,S,"('192.168.0.15', 5001)"
427,33.750107288360596,S,"('192.168.0.16', 5001)"
428,35.73204159736633,S,"('192.168.0.15', 5001)"
429,80.03642201423645,S,"('192.168.0.16', 5001)"
430,110.63799285888672,S,"('192.168.0.16', 5001)"
431,17.542763710021973,S,"('192.168.0.17', 5001)"
432,35.56644320487976,S,"('192.168.0.16', 5001)"
433,22.47328805923462,S,"('192.168.0.16', 5001)"
434,25.175034284591675,S,"('192.168.0.17', 5001)"
435,27.411908626556396,S,"('192.168.0.18', 5001)"
436,29.728050231933594,S,"('192.168.0.16', 5001)"
437,32.176339626312256,S,"('192.168.0.16', 5001)"
438,30.63460111618042,S,"('192.168.0.16', 5001)"
439,29.788575410842896,S,"('192.168.0.18', 5001)"
440,39.55911207199097,S,"('192.168.0.17', 5001)"
441,34.38733625411987,S,"('192.168.0.15', 5001)"
442,46.43440914154053,S,"('192.168.0.16', 5001)"
443,27.682165384292603,S,"('192.168.0.17', 5001)"
444,26.757362604141235,S,"('192.168.0.17', 5001)"
445,27.077826023101807,S,"('192.168.0.17', 5001)"
446,37.506613969802856,S,"('192.168.0.15', 5001)"
447,52.61476802825928,S,"('192.168.0.15', 5001)"
448,29.05465579032898,S,"('192.168.0.16', 5001)"
449,32.851112842559814,S,"('192.168.0.16', 5001)"
450,41.86008286476135,S,"('192.168.0.16', 5001)"
451,27.172094583511353,S,"('192.168.0.16', 5001)"
452,64.11537718772888,S,"('192.168.0.17', 5001)"
453,26.7891628742218,S,"('192.168.0.15', 5001)"
454,27.867390632629395,S,"('192.168.0.18', 5001)"
455,33.012206077575684,S,"('192.168.0.17', 5001)"
456,35.924866914749146,S,"('192.168.0.18', 5001)"
457,32.25965142250061,S,"('192.168.0.15', 5001)"
458,40.95345497131348,S,"('192.168.0.17', 5001)"
459,29.7424373626709,S,"('192.168.0.17', 5001)"
460,29.220076084136963,S,"('192.168.0.16', 5001)"
461,32.217594623565674,S,"('192.168.0.17', 5001)"
462,32.830241203308105,S,"('192.168.0.18', 5001)"
463,33.275609493255615,S,"('192.168.0.15', 5001)"
464,39.76937508583069,S,"('192.168.0.18', 5001)"
465,36.18455672264099,S,"('192.168.0.17', 5001)"
466,36.90943670272827,S,"('192.168.0.15', 5001)"
467,35.148186922073364,S,"('192.168.0.17', 5001)"
468,31.881654500961304,S,"('192.168.0.15', 5001)"
469,37.905330657958984,S,"('192.168.0.15', 5001)"
470,26.726885557174683,S,"('192.168.0.17', 5001)"
471,24.824182510375977,S,"('192.168.0.15', 5001)"
472,43.03211069107056,S,"('192.168.0.18', 5001)"
473,35.50768733024597,S,"('192.168.0.17', 5001)"
474,36.882405519485474,S,"('192.168.0.18', 5001)"
475,31.581621646881104,S,"('192.168.0.16', 5001)"
476,38.43885064125061,S,"('192.168.0.16', 5001)"
477,34.83855676651001,S,"('192.168.0.16', 5001)"
478,39.19062042236328,S,"('192.168.0.17', 5001)"
479,38.50510621070862,S,"('192.168.0.17', 5001)"
480,43.649158000946045,S,"('192.168.0.15', 5001)"
481,23.560195207595825,S,"('192.168.0.17', 5001)"
482,23.86770224571228,S,"('192.168.0.15', 5001)"
483,24.639806747436523,S,"('192.168.0.17', 5001)"
484,35.46009540557861,S,"('192.168.0.15', 5001)"
485,32.08847784996033,S,"('192.168.0.15', 5001)"
486,31.820860862731934,S,"('192.168.0.17', 5001)"
487,45.44385051727295,S,"('192.168.0.16', 5001)"
488,47.548677921295166,S,"('192.168.0.18', 5001)"
489,41.28494119644165,S,"('192.168.0.16', 5001)"
490,29.21642565727234,S,"('192.168.0.16', 5001)"
491,27.21090602874756,S,"('192.168.0.15', 5001)"
492,31.15772032737732,S,"('192.168.0.15', 5001)"
493,27.56964135169983,S,"('192.168.0.17', 5001)"
494,25.982442617416382,S,"('192.168.0.17', 5001)"
495,30.627732038497925,S,"('192.168.0.18', 5001)"
496,40.88151979446411,S,"('192.168.0.17', 5001)"
497,25.751916885375977,S,"('192.168.0.18', 5001)"
498,31.911659240722656,S,"('192.168.0.17', 5001)"
499,35.94911170005798,S,"('192.168.0.18', 5001)"
500,28.606160402297974,S,"('192.168.0.16', 5001)"
501,37.89149069786072,S,"('192.168.0.18', 5001)"
502,28.92249083518982,S,"('192.168.0.17', 5001)"
503,33.18292784690857,S,"('192.168.0.18', 5001)"
504,28.67167568206787,S,"('192.168.0.17', 5001)"
505,37.69340229034424,S,"('192.168.0.18', 5001)"
506,33.25875806808472,S,"('192.168.0.16', 5001)"
507,30.32372260093689,S,"('192.168.0.16', 5001)"
508,36.845999002456665,S,"('192.168.0.16', 5001)"
509,39.41669678688049,S,"('192.168.0.18', 5001)"
510,26.6375470161438,S,"('192.168.0.18', 5001)"
511,45.503188610076904,S,"('192.168.0.16', 5001)"
512,34.14255499839783,S,"('192.168.0.17', 5001)"
513,39.54561948776245,S,"('192.168.0.17', 5001)"
514,28.118288040161133,S,"('192.168.0.16', 5001)"
515,35.17572784423828,S,"('192.168.0.18', 5001)"
516,29.40215563774109,S,"('192.168.0.16', 5001)"
517,35.3196165561676,S,"('192.168.0.15', 5001)"
518,27.67156434059143,S,"('192.168.0.17', 5001)"
519,38.913447856903076,S,"('192.168.0.15', 5001)"
520,33.10663104057312,S,"('192.168.0.17', 5001)"
521,41.233726263046265,S,"('192.168.0.18', 5001)"
522,39.49430990219116,S,"('192.168.0.16', 5001)"
523,38.225903272628784,S,"('192.168.0.16', 5001)"
524,27.036896228790283,S,"('192.168.0.18', 5001)"
525,28.379692554473877,S,"('192.168.0.16', 5001)"
526,31.97892475128174,S,"('192.168.0.16', 5001)"
527,44.78466320037842,S,"('192.168.0.17', 5001)"
528,28.836406469345093,S,"('192.168.0.18', 5001)"
529,29.172293663024902,S,"('192.168.0.16', 5001)"
530,34.13531041145325,S,"('192.168.0.15', 5001)"
531,36.96140146255493,S,"('192.168.0.17', 5001)"
532,30.762839794158936,S,"('192.168.0.15', 5001)"
533,45.850600481033325,S,"('192.168.0.17', 5001)"
534,36.43747401237488,S,"('192.168.0.17', 5001)"
535,24.533336877822876,S,"('192.168.0.15', 5001)"
536,39.76130414009094,S,"('192.168.0.18', 5001)"
537,39.71057605743408,S,"('192.168.0.15', 5001)"
538,35.30219602584839,S,"('192.168.0.18', 5001)"
539,41.350534439086914,S,"('192.168.0.16', 5001)"
540,29.584890127182007,S,"('192.168.0.17', 5001)"
541,37.898247718811035,S,"('192.168.0.17', 5001)"
542,22.952463150024414,S,"('192.168.0.18', 5001)"
543,39.7911958694458,S,"('192.168.0.17', 5001)"
544,28.25589680671692,S,"('192.168.0.17', 5001)"
545,35.43992638587952,S,"('192.168.0.15', 5001)"
546,38.95921969413757,S,"('192.168.0.17', 5001)"
547,18.46394371986389,S,"('192.168.0.18', 5001)"
548,46.406776666641235,S,"('192.168.0.16', 5001)"
549,59.61373853683472,S,"('192.168.0.16', 5001)"
550,44.107391595840454,S,"('192.168.0.17', 5001)"
551,32.946903705596924,S,"('192.168.0.17', 5001)"
552,35.8400981426239,S,"('192.168.0.16', 5001)"
553,32.50783109664917,S,"('192.168.0.16', 5001)"
554,31.35429549217224,S,"('192.168.0.15', 5001)"
555,44.63212299346924,S,"('192.168.0.18', 5001)"
556,52.51138877868652,S,"('192.168.0.15', 5001)"
557,36.42339634895325,S,"('192.168.0.15', 5001)"
558,34.89326500892639,S,"('192.168.0.17', 5001)"
559,35.90197253227234,S,"('192.168.0.16', 5001)"
560,33.07354378700256,S,"('192.168.0.17', 5001)"
561,26.01484441757202,S,"('192.168.0.18', 5001)"
562,57.62615776062012,S,"('192.168.0.16', 5001)"
563,12.117141485214233,S,"('192.168.0.17', 5001)"
564,38.40886950492859,S,"('192.168.0.18', 5001)"
565,17.004565954208374,S,"('192.168.0.18', 5001)"
566,59.12164068222046,S,"('192.168.0.15', 5001)"
567,15.184889793395996,S,"('192.168.0.16', 5001)"
568,71.98602294921875,S,"('192.168.0.18', 5001)"
569,10.311649322509766,S,"('192.168.0.15', 5001)"
570,81.69896745681763,S,"('192.168.0.18', 5001)"
571,13.255156755447388,S,"('192.168.0.18', 5001)"
572,18.170005798339844,S,"('192.168.0.16', 5001)"
573,11.71432614326477,S,"('192.168.0.18', 5001)"
574,24.47457218170166,S,"('192.168.0.18', 5001)"
575,17.11106300354004,S,"('192.168.0.15', 5001)"
576,17.227099657058716,S,"('192.168.0.18', 5001)"
577,12.73019027709961,S,"('192.168.0.17', 5001)"
578,20.252715826034546,S,"('192.168.0.18', 5001)"
579,17.000678300857544,S,"('192.168.0.17', 5001)"
580,10.263752937316895,S,"('192.168.0.16', 5001)"
581,7.502381801605225,S,"('192.168.0.17', 5001)"
582,6.932238578796387,S,"('192.168.0.18', 5001)"
583,114.41374850273132,S,"('192.168.0.18', 5001)"
584,6.283555746078491,S,"('192.168.0.17', 5001)"
585,3.8043935298919678,S,"('192.168.0.16', 5001)"
586,129.73348903656006,S,"('192.168.0.18', 5001)"
587,98.66271615028381,S,"('192.168.0.16', 5001)"
588,20.656203985214233,S,"('192.168.0.16', 5001)"
589,18.300450086593628,S,"('192.168.0.18', 5001)"
590,26.351778268814087,S,"('192.168.0.18', 5001)"
591,21.648333311080933,S,"('192.168.0.17', 5001)"
592,25.63575267791748,S,"('192.168.0.16', 5001)"
593,27.130338191986084,S,"('192.168.0.16', 5001)"
594,32.933292627334595,S,"('192.168.0.18', 5001)"
595,35.620776653289795,S,"('192.168.0.16', 5001)"
596,36.91625189781189,S,"('192.168.0.15', 5001)"
597,38.23358082771301,S,"('192.168.0.17', 5001)"
598,25.098067045211792,S,"('192.168.0.17', 5001)"
599,24.456302404403687,S,"('192.168.0.16', 5001)"
600,25.468247175216675,S,"('192.168.0.18', 5001)"
601,35.110007762908936,S,"('192.168.0.15', 5001)"
602,29.591334342956543,S,"('192.168.0.17', 5001)"
603,32.111387491226196,S,"('192.168.0.16', 5001)"
604,31.76330280303955,S,"('192.168.0.17', 5001)"
605,31.99633264541626,S,"('192.168.0.18', 5001)"
606,46.72098970413208,S,"('192.168.0.18', 5001)"
607,39.12840533256531,S,"('192.168.0.16', 5001)"
608,34.5553662776947,S,"('192.168.0.16', 5001)"
609,23.580225229263306,S,"('192.168.0.18', 5001)"
610,39.033576011657715,S,"('192.168.0.15', 5001)"
611,23.33495807647705,S,"('192.168.0.15', 5001)"
612,43.328757524490356,S,"('192.168.0.18', 5001)"
613,39.43927550315857,S,"('192.168.0.17', 5001)"
614,29.759676218032837,S,"('192.168.0.18', 5001)"
615,30.08082127571106,S,"('192.168.0.16', 5001)"
616,35.54184174537659,S,"('192.168.0.18', 5001)"
617,25.868223428726196,S,"('192.168.0.17', 5001)"
618,51.56534457206726,S,"('192.168.0.17', 5001)"
619,30.826552152633667,S,"('192.168.0.18', 5001)"
620,31.07160997390747,S,"('192.168.0.16', 5001)"
621,47.89331245422363,S,"('192.168.0.18', 5001)"
622,37.18750715255737,S,"('192.168.0.17', 5001)"
623,36.475831747055054,S,"('192.168.0.15', 5001)"
624,34.774383306503296,S,"('192.168.0.16', 5001)"
625,32.416152238845825,S,"('192.168.0.15', 5001)"
626,33.33060145378113,S,"('192.168.0.16', 5001)"
627,38.76272678375244,S,"('192.168.0.17', 5001)"
628,32.02030539512634,S,"('192.168.0.16', 5001)"
629,45.03600454330444,S,"('192.168.0.17', 5001)"
630,29.88857364654541,S,"('192.168.0.17', 5001)"
631,32.50977039337158,S,"('192.168.0.15', 5001)"
632,35.3206353187561,S,"('192.168.0.16', 5001)"
633,32.33830142021179,S,"('192.168.0.17', 5001)"
634,43.22061610221863,S,"('192.168.0.15', 5001)"
635,28.881731033325195,S,"('192.168.0.15', 5001)"
636,40.44312930107117,S,"('192.168.0.15', 5001)"
637,30.720265865325928,S,"('192.168.0.18', 5001)"
638,29.16004490852356,S,"('192.168.0.18', 5001)"
639,24.930498838424683,S,"('192.168.0.17', 5001)"
640,50.643778800964355,S,"('192.168.0.17', 5001)"
641,26.4173104763031,S,"('192.168.0.18', 5001)"
642,24.16158676147461,S,"('192.168.0.18', 5001)"
643,27.09674096107483,S,"('192.168.0.18', 5001)"
644,52.770251750946045,S,"('192.168.0.18', 5001)"
645,52.13072872161865,S,"('192.168.0.18', 5001)"
646,33.971402645111084,S,"('192.168.0.15', 5001)"
647,17.326740264892578,S,"('192.168.0.16', 5001)"
648,29.98348307609558,S,"('192.168.0.16', 5001)"
649,93.61744379997253,S,"('192.168.0.17', 5001)"
650,33.25482702255249,S,"('192.168.0.17', 5001)"
651,28.24584126472473,S,"('192.168.0.16', 5001)"
652,29.53796672821045,S,"('192.168.0.17', 5001)"
653,30.59515881538391,S,"('192.168.0.16', 5001)"
654,33.15018033981323,S,"('192.168.0.16', 5001)"
655,36.20013618469238,S,"('192.168.0.17', 5001)"
656,36.467777252197266,S,"('192.168.0.16', 5001)"
657,24.049658060073853,S,"('192.168.0.15', 5001)"
658,31.551448345184326,S,"('192.168.0.18', 5001)"
659,40.307886600494385,S,"('192.168.0.16', 5001)"
660,32.91643786430359,S,"('192.168.0.17', 5001)"
661,31.86627721786499,S,"('192.168.0.16', 5001)"
662,38.10010075569153,S,"('192.168.0.15', 5001)"
663,35.482691049575806,S,"('192.168.0.18', 5001)"
664,38.46990633010864,S,"('192.168.0.15', 5001)"
665,39.269007205963135,S,"('192.168.0.17', 5001)"
666,38.87674808502197,S,"('192.168.0.18', 5001)"
667,31.287840843200684,S,"('192.168.0.17', 5001)"
668,30.36363673210144,S,"('192.168.0.18', 5001)"
669,24.091372966766357,S,"('192.168.0.18', 5001)"
670,7.942386150360107,S,"('192.168.0.15', 5001)"
671,47.11586928367615,S,"('192.168.0.18', 5001)"
672,81.41064786911011,S,"('192.168.0.17', 5001)"
673,44.785202980041504,S,"('192.168.0.18', 5001)"
674,106.61917495727539,S,"('192.168.0.17', 5001)"
675,91.15892744064331,S,"('192.168.0.18', 5001)"
676,52.33318901062012,S,"('192.168.0.16', 5001)"
677,95.26054859161377,S,"('192.168.0.16', 5001)"
678,52.0688419342041,S,"('192.168.0.15', 5001)"
679,23.895561456680298,S,"('192.168.0.18', 5001)"
680,119.91103625297546,S,"('192.168.0.18', 5001)"
681,13.479033470153809,S,"('192.168.0.18', 5001)"
682,132.88963627815247,S,"('192.168.0.18', 5001)"
683,25.95535659790039,S,"('192.168.0.15', 5001)"
684,25.539138078689575,S,"('192.168.0.16', 5001)"
685,26.526012897491455,S,"('192.168.0.15', 5001)"
686,28.665266275405884,S,"('192.168.0.17', 5001)"
687,30.73871684074402,S,"('192.168.0.17', 5001)"
688,158.27424812316895,S,"('192.168.0.16', 5001)"
689,40.42567563056946,S,"('192.168.0.15', 5001)"
690,35.02956414222717,S,"('192.168.0.17', 5001)"
691,33.15466332435608,S,"('192.168.0.16', 5001)"
692,25.16782307624817,S,"('192.168.0.18', 5001)"
693,30.915898323059082,S,"('192.168.0.15', 5001)"
694,37.288350105285645,S,"('192.168.0.15', 5001)"
695,30.446737051010132,S,"('192.168.0.15', 5001)"
696,45.054930448532104,S,"('192.168.0.18', 5001)"
697,43.315284729003906,S,"('192.168.0.16', 5001)"
698,10.027592420578003,S,"('192.168.0.17', 5001)"
699,38.55370259284973,S,"('192.168.0.15', 5001)"
700,5.377761602401733,S,"('192.168.0.16', 5001)"
701,57.0615348815918,S,"('192.168.0.17', 5001)"
702,3.807511806488037,S,"('192.168.0.17', 5001)"
703,64.99195122718811,S,"('192.168.0.17', 5001)"
704,5.452497482299805,S,"('192.168.0.18', 5001)"
705,53.66835069656372,S,"('192.168.0.15', 5001)"
706,20.411927700042725,S,"('192.168.0.15', 5001)"
707,60.48985457420349,S,"('192.168.0.15', 5001)"
708,91.23253750801086,S,"('192.168.0.18', 5001)"
709,15.039598941802979,S,"('192.168.0.15', 5001)"
710,53.54867935180664,S,"('192.168.0.17', 5001)"
711,16.138765573501587,S,"('192.168.0.16', 5001)"
712,17.949602842330933,S,"('192.168.0.18', 5001)"
713,66.05536651611328,S,"('192.168.0.16', 5001)"
714,22.0958149433136,S,"('192.168.0.18', 5001)"
715,27.369176387786865,S,"('192.168.0.17', 5001)"
716,23.983776330947876,S,"('192.168.0.18', 5001)"
717,40.62571692466736,S,"('192.168.0.15', 5001)"
718,42.70824408531189,S,"('192.168.0.17', 5001)"
719,20.820825815200806,S,"('192.168.0.17', 5001)"
720,88.49999570846558,S,"('192.168.0.17', 5001)"
721,9.793314218521118,S,"('192.168.0.16', 5001)"
722,56.36951208114624,S,"('192.168.0.17', 5001)"
723,3.627042055130005,S,"('192.168.0.17', 5001)"
724,6.068928956985474,S,"('192.168.0.18', 5001)"
725,39.07744884490967,S,"('192.168.0.16', 5001)"
726,14.13254451751709,S,"('192.168.0.16', 5001)"
727,57.36246705055237,S,"('192.168.0.15', 5001)"
728,11.277129173278809,S,"('192.168.0.17', 5001)"
729,16.109723806381226,S,"('192.168.0.17', 5001)"
730,16.917882680892944,S,"('192.168.0.16', 5001)"
731,66.4652509689331,S,"('192.168.0.17', 5001)"
732,28.931411504745483,S,"('192.168.0.18', 5001)"
733,24.15269637107849,S,"('192.168.0.18', 5001)"
734,26.430516719818115,S,"('192.168.0.18', 5001)"
735,29.188560009002686,S,"('192.168.0.16', 5001)"
736,26.91230344772339,S,"('192.168.0.15', 5001)"
737,24.684890508651733,S,"('192.168.0.16', 5001)"
738,46.432342529296875,S,"('192.168.0.15', 5001)"
739,105.74084973335266,S,"('192.168.0.16', 5001)"
740,41.01722002029419,S,"('192.168.0.18', 5001)"
741,47.995970010757446,S,"('192.168.0.15', 5001)"
742,32.948638677597046,S,"('192.168.0.18', 5001)"
743,36.44829344749451,S,"('192.168.0.18', 5001)"
744,57.48046326637268,S,"('192.168.0.15', 5001)"
745,32.28244614601135,S,"('192.168.0.18', 5001)"
746,40.162628173828125,S,"('192.168.0.16', 5001)"
747,23.743635416030884,S,"('192.168.0.18', 5001)"
748,74.60932469367981,S,"('192.168.0.16', 5001)"
749,7.056507349014282,S,"('192.168.0.16', 5001)"
750,13.103778839111328,S,"('192.168.0.18', 5001)"
751,15.452029943466187,S,"('192.168.0.18', 5001)"
752,70.17187881469727,S,"('192.168.0.17', 5001)"
753,69.58634090423584,S,"('192.168.0.16', 5001)"
754,33.355247497558594,S,"('192.168.0.18', 5001)"
755,27.270538568496704,S,"('192.168.0.15', 5001)"
756,28.95852518081665,S,"('192.168.0.16', 5001)"
757,29.314698457717896,S,"('192.168.0.17', 5001)"
758,39.5602867603302,S,"('192.168.0.15', 5001)"
759,34.437713384628296,S,"('192.168.0.18', 5001)"
760,29.0526762008667,S,"('192.168.0.16', 5001)"
761,37.16236853599548,S,"('192.168.0.17', 5001)"
762,36.906519174575806,S,"('192.168.0.18', 5001)"
763,29.918761014938354,S,"('192.168.0.15', 5001)"
764,24.86923313140869,S,"('192.168.0.16', 5001)"
765,30.705331087112427,S,"('192.168.0.17', 5001)"
766,53.437378883361816,S,"('192.168.0.15', 5001)"
767,34.265061140060425,S,"('192.168.0.17', 5001)"
768,86.2952926158905,S,"('192.168.0.15', 5001)"
769,99.08222913742065,S,"('192.168.0.17', 5001)"
770,103.51760625839233,S,"('192.168.0.17', 5001)"
771,12.103973388671875,S,"('192.168.0.18', 5001)"
772,17.671679496765137,S,"('192.168.0.18', 5001)"
773,31.409762620925903,S,"('192.168.0.17', 5001)"
774,113.48378396034241,S,"('192.168.0.17', 5001)"
775,102.12672710418701,S,"('192.168.0.17', 5001)"
776,101.86443567276001,S,"('192.168.0.17', 5001)"
777,40.41998291015625,S,"('192.168.0.17', 5001)"
778,42.55817890167236,S,"('192.168.0.15', 5001)"
779,16.013463973999023,S,"('192.168.0.16', 5001)"
780,12.219782590866089,S,"('192.168.0.16', 5001)"
781,31.535780668258667,S,"('192.168.0.15', 5001)"
782,145.01685237884521,S,"('192.168.0.16', 5001)"
783,27.679054737091064,S,"('192.168.0.15', 5001)"
784,38.57115840911865,S,"('192.168.0.16', 5001)"
785,34.66964507102966,S,"('192.168.0.18', 5001)"
786,39.317190170288086,S,"('192.168.0.17', 5001)"
787,46.679311990737915,S,"('192.168.0.17', 5001)"
788,12.981441259384155,S,"('192.168.0.18', 5001)"
789,12.750589847564697,S,"('192.168.0.15', 5001)"
790,12.396378993988037,S,"('192.168.0.16', 5001)"
791,40.612417459487915,S,"('192.168.0.17', 5001)"
792,117.64756107330322,S,"('192.168.0.15', 5001)"
793,93.1159245967865,S,"('192.168.0.17', 5001)"
794,98.94313907623291,S,"('192.168.0.18', 5001)"
795,26.31398344039917,S,"('192.168.0.18', 5001)"
796,26.508490562438965,S,"('192.168.0.15', 5001)"
797,25.34773087501526,S,"('192.168.0.16', 5001)"
798,106.4384696483612,S,"('192.168.0.17', 5001)"
799,31.793561220169067,S,"('192.168.0.17', 5001)"
800,8.179431676864624,S,"('192.168.0.17', 5001)"
801,31.44898509979248,S,"('192.168.0.17', 5001)"
802,38.57505416870117,S,"('192.168.0.15', 5001)"
803,42.80030059814453,S,"('192.168.0.16', 5001)"
804,43.68579936027527,S,"('192.168.0.18', 5001)"
805,10.902264595031738,S,"('192.168.0.15', 5001)"
806,17.664223194122314,S,"('192.168.0.16', 5001)"
807,21.10148024559021,S,"('192.168.0.15', 5001)"
808,32.5803644657135,S,"('192.168.0.17', 5001)"
809,25.493156909942627,S,"('192.168.0.15', 5001)"
810,27.671056032180786,S,"('192.168.0.17', 5001)"
811,27.35503053665161,S,"('192.168.0.18', 5001)"
812,21.743541717529297,S,"('192.168.0.17', 5001)"
813,46.63422179222107,S,"('192.168.0.16', 5001)"
814,14.206416845321655,S,"('192.168.0.17', 5001)"
815,48.135221004486084,S,"('192.168.0.15', 5001)"
816,18.116576194763184,S,"('192.168.0.17', 5001)"
817,20.820655584335327,S,"('192.168.0.15', 5001)"
818,205.6608874797821,S,"('192.168.0.15', 5001)"
819,58.510361433029175,S,"('192.168.0.16', 5001)"
820,11.803873777389526,S,"('192.168.0.15', 5001)"
821,56.499364614486694,S,"('192.168.0.16', 5001)"
822,7.360705375671387,S,"('192.168.0.15', 5001)"
823,47.219916582107544,S,"('192.168.0.15', 5001)"
824,41.40332579612732,S,"('192.168.0.15', 5001)"
825,16.794896841049194,S,"('192.168.0.17', 5001)"
826,55.147963762283325,S,"('192.168.0.15', 5001)"
827,22.809579849243164,S,"('192.168.0.15', 5001)"
828,25.674378871917725,S,"('192.168.0.15', 5001)"
829,25.054742336273193,S,"('192.168.0.18', 5001)"
830,70.82837176322937,S,"('192.168.0.15', 5001)"
831,31.44858479499817,S,"('192.168.0.17', 5001)"
832,34.27128529548645,S,"('192.168.0.15', 5001)"
833,30.415891647338867,S,"('192.168.0.16', 5001)"
834,19.19376230239868,S,"('192.168.0.17', 5001)"
835,23.712986946105957,S,"('192.168.0.16', 5001)"
836,45.7791314125061,S,"('192.168.0.16', 5001)"
837,49.355916261672974,S,"('192.168.0.16', 5001)"
838,41.17297911643982,S,"('192.168.0.17', 5001)"
839,15.689698696136475,S,"('192.168.0.15', 5001)"
840,15.058143615722656,S,"('192.168.0.18', 5001)"
841,17.315089225769043,S,"('192.168.0.15', 5001)"
842,17.229706048965454,S,"('192.168.0.17', 5001)"
843,14.27517032623291,S,"('192.168.0.15', 5001)"
844,53.38154697418213,S,"('192.168.0.16', 5001)"
845,59.89980340003967,S,"('192.168.0.16', 5001)"
846,61.23400330543518,S,"('192.168.0.18', 5001)"
847,16.106931686401367,S,"('192.168.0.18', 5001)"
848,26.83911681175232,S,"('192.168.0.18', 5001)"
849,24.60875701904297,S,"('192.168.0.17', 5001)"
850,25.079785108566284,S,"('192.168.0.15', 5001)"
851,34.44307518005371,S,"('192.168.0.16', 5001)"
852,66.28346967697144,S,"('192.168.0.15', 5001)"
853,26.27086329460144,S,"('192.168.0.17', 5001)"
854,21.640701293945312,S,"('192.168.0.18', 5001)"
855,10.520426988601685,S,"('192.168.0.18', 5001)"
856,49.80045795440674,S,"('192.168.0.17', 5001)"
857,30.31963872909546,S,"('192.168.0.16', 5001)"
858,50.869083642959595,S,"('192.168.0.18', 5001)"
859,4.353737831115723,S,"('192.168.0.17', 5001)"
860,64.41765213012695,S,"('192.168.0.17', 5001)"
861,54.18917775154114,S,"('192.168.0.15', 5001)"
862,44.69957113265991,S,"('192.168.0.17', 5001)"
863,7.654306650161743,S,"('192.168.0.16', 5001)"
864,39.166595220565796,S,"('192.168.0.17', 5001)"
865,60.2459990978241,S,"('192.168.0.16', 5001)"
866,21.19370126724243,S,"('192.168.0.15', 5001)"
867,73.5222487449646,S,"('192.168.0.18', 5001)"
868,29.571627378463745,S,"('192.168.0.16', 5001)"
869,74.69786095619202,S,"('192.168.0.17', 5001)"
870,38.4929518699646,S,"('192.168.0.17', 5001)"
871,3.935616970062256,S,"('192.168.0.15', 5001)"
872,6.451875448226929,S,"('192.168.0.15', 5001)"
873,10.277977228164673,S,"('192.168.0.15', 5001)"
874,70.92483520507812,S,"('192.168.0.18', 5001)"
875,58.79636216163635,S,"('192.168.0.18', 5001)"
876,66.40320563316345,S,"('192.168.0.15', 5001)"
877,57.135252952575684,S,"('192.168.0.16', 5001)"
878,75.10768747329712,S,"('192.168.0.15', 5001)"
879,19.83468222618103,S,"('192.168.0.18', 5001)"
880,19.027600526809692,S,"('192.168.0.15', 5001)"
881,21.530577898025513,S,"('192.168.0.15', 5001)"
882,96.34669923782349,S,"('192.168.0.18', 5001)"
883,86.28584361076355,S,"('192.168.0.18', 5001)"
884,28.344769716262817,S,"('192.168.0.17', 5001)"
885,29.176398038864136,S,"('192.168.0.17', 5001)"
886,30.930257081985474,S,"('192.168.0.16', 5001)"
887,40.08240818977356,S,"('192.168.0.15', 5001)"
888,33.087491035461426,S,"('192.168.0.18', 5001)"
889,12.178184986114502,S,"('192.168.0.16', 5001)"
890,14.76880693435669,S,"('192.168.0.15', 5001)"
891,60.98898458480835,S,"('192.168.0.16', 5001)"
892,39.98847699165344,S,"('192.168.0.16', 5001)"
893,10.127599954605103,S,"('192.168.0.17', 5001)"
894,16.528022289276123,S,"('192.168.0.15', 5001)"
895,43.26305866241455,S,"('192.168.0.15', 5001)"
896,40.849280834198,S,"('192.168.0.16', 5001)"
897,22.40128445625305,S,"('192.168.0.17', 5001)"
898,26.108652114868164,S,"('192.168.0.16', 5001)"
899,9.566600799560547,S,"('192.168.0.17', 5001)"
900,38.3137423992157,S,"('192.168.0.16', 5001)"
901,13.168589115142822,S,"('192.168.0.18', 5001)"
902,17.60008454322815,S,"('192.168.0.15', 5001)"
903,24.554515838623047,S,"('192.168.0.15', 5001)"
904,25.849254608154297,S,"('192.168.0.18', 5001)"
905,49.555030822753906,S,"('192.168.0.18', 5001)"
906,26.109846115112305,S,"('192.168.0.18', 5001)"
907,126.09691262245178,S,"('192.168.0.17', 5001)"
908,29.438889503479004,S,"('192.168.0.16', 5001)"
909,36.57703351974487,S,"('192.168.0.18', 5001)"
910,43.091328859329224,S,"('192.168.0.17', 5001)"
911,36.16668152809143,S,"('192.168.0.18', 5001)"
912,39.6802453994751,S,"('192.168.0.15', 5001)"
913,36.178788900375366,S,"('192.168.0.15', 5001)"
914,28.25779914855957,S,"('192.168.0.17', 5001)"
915,30.856860160827637,S,"('192.168.0.16', 5001)"
916,40.65422177314758,S,"('192.168.0.17', 5001)"
917,38.09953212738037,S,"('192.168.0.16', 5001)"
918,31.525441884994507,S,"('192.168.0.16', 5001)"
919,33.72119140625,S,"('192.168.0.16', 5001)"
920,21.2066912651062,S,"('192.168.0.15', 5001)"
921,34.08250689506531,S,"('192.168.0.18', 5001)"
922,37.17104363441467,S,"('192.168.0.15', 5001)"
923,31.285958766937256,S,"('192.168.0.16', 5001)"
924,29.600722074508667,S,"('192.168.0.16', 5001)"
925,33.80758595466614,S,"('192.168.0.17', 5001)"
926,35.80180025100708,S,"('192.168.0.16', 5001)"
927,36.07821989059448,S,"('192.168.0.17', 5001)"
928,29.314254760742188,S,"('192.168.0.18', 5001)"
929,34.29157757759094,S,"('192.168.0.18', 5001)"
930,45.191346645355225,S,"('192.168.0.16', 5001)"
931,41.42978096008301,S,"('192.168.0.18', 5001)"
932,29.607306241989136,S,"('192.168.0.16', 5001)"
933,43.2452118396759,S,"('192.168.0.16', 5001)"
934,32.91851830482483,S,"('192.168.0.18', 5001)"
935,29.43919038772583,S,"('192.168.0.18', 5001)"
936,28.680097341537476,S,"('192.168.0.17', 5001)"
937,41.28669595718384,S,"('192.168.0.17', 5001)"
938,30.627825498580933,S,"('192.168.0.16', 5001)"
939,49.90027451515198,S,"('192.168.0.15', 5001)"
940,28.769116163253784,S,"('192.168.0.18', 5001)"
941,30.279757976531982,S,"('192.168.0.17', 5001)"
942,30.889448642730713,S,"('192.168.0.18', 5001)"
943,29.50070023536682,S,"('192.168.0.17', 5001)"
944,35.75671100616455,S,"('192.168.0.15', 5001)"
945,25.797564029693604,S,"('192.168.0.17', 5001)"
946,51.343854665756226,S,"('192.168.0.17', 5001)"
947,25.00824785232544,S,"('192.168.0.17', 5001)"
948,32.35900664329529,S,"('192.168.0.17', 5001)"
949,42.696059226989746,S,"('192.168.0.18', 5001)"
950,30.385495901107788,S,"('192.168.0.18', 5001)"
951,49.15243172645569,S,"('192.168.0.16', 5001)"
952,51.04680776596069,S,"('192.168.0.18', 5001)"
953,40.11310291290283,S,"('192.168.0.15', 5001)"
954,27.665138959884644,S,"('192.168.0.18', 5001)"
955,31.242135047912598,S,"('192.168.0.15', 5001)"
956,29.2555513381958,S,"('192.168.0.16', 5001)"
957,33.69303035736084,S,"('192.168.0.18', 5001)"
958,30.436518669128418,S,"('192.168.0.17', 5001)"
959,28.63236093521118,S,"('192.168.0.15', 5001)"
960,35.39800667762756,S,"('192.168.0.18', 5001)"
961,30.47155523300171,S,"('192.168.0.16', 5001)"
962,32.21539282798767,S,"('192.168.0.15', 5001)"
963,46.10759353637695,S,"('192.168.0.17', 5001)"
964,30.16902470588684,S,"('192.168.0.18', 5001)"
965,53.014328956604004,S,"('192.168.0.18', 5001)"
966,40.18103551864624,S,"('192.168.0.17', 5001)"
967,39.73566174507141,S,"('192.168.0.16', 5001)"
968,33.5741708278656,S,"('192.168.0.16', 5001)"
969,13.448442697525024,S,"('192.168.0.16', 5001)"
970,43.79168176651001,S,"('192.168.0.16', 5001)"
971,64.37332940101624,S,"('192.168.0.15', 5001)"
972,4.4885241985321045,S,"('192.168.0.17', 5001)"
973,8.670067310333252,S,"('192.168.0.18', 5001)"
974,8.240097522735596,S,"('192.168.0.18', 5001)"
975,52.699522256851196,S,"('192.168.0.16', 5001)"
976,41.54929327964783,S,"('192.168.0.18', 5001)"
977,17.25558376312256,S,"('192.168.0.18', 5001)"
978,63.21437072753906,S,"('192.168.0.17', 5001)"
979,24.543708086013794,S,"('192.168.0.17', 5001)"
980,29.045557022094727,S,"('192.168.0.17', 5001)"
981,27.752185344696045,S,"('192.168.0.18', 5001)"
982,29.511464834213257,S,"('192.168.0.17', 5001)"
983,35.60698080062866,S,"('192.168.0.16', 5001)"
984,19.654520273208618,S,"('192.168.0.18', 5001)"
985,39.64631152153015,S,"('192.168.0.16', 5001)"
986,15.2672758102417,S,"('192.168.0.18', 5001)"
987,44.96631646156311,S,"('192.168.0.16', 5001)"
988,15.706480264663696,S,"('192.168.0.16', 5001)"
989,120.02601218223572,S,"('192.168.0.17', 5001)"
990,42.71475696563721,S,"('192.168.0.16', 5001)"
991,20.966705799102783,S,"('192.168.0.17', 5001)"
992,31.830556869506836,S,"('192.168.0.17', 5001)"
993,30.255168199539185,S,"('192.168.0.16', 5001)"
994,18.84079074859619,S,"('192.168.0.17', 5001)"
995,41.18705987930298,S,"('192.168.0.17', 5001)"
996,21.927712440490723,S,"('192.168.0.18', 5001)"
997,47.20500421524048,S,"('192.168.0.17', 5001)"
998,19.066423177719116,S,"('192.168.0.18', 5001)"
999,56.296058177948,S,"('192.168.0.16', 5001)"
1000,22.784602642059326,S,"('192.168.0.16', 5001)"
1001,27.95947003364563,S,"('192.168.0.18', 5001)"
1002,53.32134699821472,S,"('192.168.0.17', 5001)"
1003,33.919901847839355,S,"('192.168.0.18', 5001)"
1004,33.153685092926025,S,"('192.168.0.16', 5001)"
1005,29.66614580154419,S,"('192.168.0.18', 5001)"
1006,26.852983474731445,S,"('192.168.0.18', 5001)"
1007,41.73520278930664,S,"('192.168.0.15', 5001)"
1008,42.56290125846863,S,"('192.168.0.17', 5001)"
1009,60.87849259376526,S,"('192.168.0.18', 5001)"
1010,17.30078434944153,S,"('192.168.0.15', 5001)"
1011,23.314570665359497,S,"('192.168.0.17', 5001)"
1012,34.22883605957031,S,"('192.168.0.17', 5001)"
1013,44.1217041015625,S,"('192.168.0.16', 5001)"
1014,16.44246006011963,S,"('192.168.0.18', 5001)"
1015,30.975823879241943,S,"('192.168.0.18', 5001)"
1016,19.995593309402466,S,"('192.168.0.18', 5001)"
1017,53.00706434249878,S,"('192.168.0.16', 5001)"
1018,33.586379289627075,S,"('192.168.0.16', 5001)"
1019,22.165743112564087,S,"('192.168.0.15', 5001)"
1020,33.17236137390137,S,"('192.168.0.18', 5001)"
1021,19.104042291641235,S,"('192.168.0.18', 5001)"
1022,24.635900497436523,S,"('192.168.0.16', 5001)"
1023,94.69139385223389,S,"('192.168.0.18', 5001)"
1024,31.995070457458496,S,"('192.168.0.17', 5001)"
1025,32.35398769378662,S,"('192.168.0.17', 5001)"
1026,35.583308696746826,S,"('192.168.0.18', 5001)"
1027,17.961977243423462,S,"('192.168.0.16', 5001)"
1028,12.990305662155151,S,"('192.168.0.18', 5001)"
1029,29.178751707077026,S,"('192.168.0.16', 5001)"
1030,14.51040005683899,S,"('192.168.0.18', 5001)"
1031,18.66404676437378,S,"('192.168.0.17', 5001)"
1032,17.740629196166992,S,"('192.168.0.18', 5001)"
1033,48.52566957473755,S,"('192.168.0.15', 5001)"
1034,46.38786792755127,S,"('192.168.0.17', 5001)"
1035,36.86284065246582,S,"('192.168.0.18', 5001)"
1036,74.33407974243164,S,"('192.168.0.18', 5001)"
1037,19.427722692489624,S,"('192.168.0.18', 5001)"
1038,22.704940795898438,S,"('192.168.0.17', 5001)"
1039,43.58088421821594,S,"('192.168.0.17', 5001)"
1040,30.612624645233154,S,"('192.168.0.15', 5001)"
1041,68.6258065700531,S,"('192.168.0.17', 5001)"
1042,37.081085205078125,S,"('192.168.0.17', 5001)"
1043,35.77076721191406,S,"('192.168.0.16', 5001)"
1044,33.68361949920654,S,"('192.168.0.15', 5001)"
1045,35.19115233421326,S,"('192.168.0.18', 5001)"
1046,19.65593647956848,S,"('192.168.0.15', 5001)"
1047,31.81748056411743,S,"('192.168.0.18', 5001)"
1048,34.57925248146057,S,"('192.168.0.16', 5001)"
1049,46.4451699256897,S,"('192.168.0.18', 5001)"
1050,27.818988800048828,S,"('192.168.0.16', 5001)"
1051,35.41884183883667,S,"('192.168.0.18', 5001)"
1052,29.52734637260437,S,"('192.168.0.16', 5001)"
1053,38.14493203163147,S,"('192.168.0.15', 5001)"
1054,27.84528374671936,S,"('192.168.0.17', 5001)"
1055,29.77162003517151,S,"('192.168.0.17', 5001)"
1056,50.92981147766113,S,"('192.168.0.18', 5001)"
1057,30.289337158203125,S,"('192.168.0.15', 5001)"
1058,31.56092929840088,S,"('192.168.0.15', 5001)"
1059,34.51129770278931,S,"('192.168.0.18', 5001)"
1060,42.902151346206665,S,"('192.168.0.18', 5001)"
1061,36.19468879699707,S,"('192.168.0.15', 5001)"
1062,33.302814960479736,S,"('192.168.0.17', 5001)"
1063,28.88052010536194,S,"('192.168.0.17', 5001)"
1064,35.417837619781494,S,"('192.168.0.15', 5001)"
1065,46.08530783653259,S,"('192.168.0.18', 5001)"
1066,30.90210199356079,S,"('192.168.0.18', 5001)"
1067,26.747121334075928,S,"('192.168.0.18', 5001)"
1068,27.492677450180054,S,"('192.168.0.16', 5001)"
1069,34.57855153083801,S,"('192.168.0.18', 5001)"
1070,34.177215814590454,S,"('192.168.0.15', 5001)"
1071,42.294482707977295,S,"('192.168.0.15', 5001)"
1072,40.8966588973999,S,"('192.168.0.18', 5001)"
1073,48.1680064201355,S,"('192.168.0.18', 5001)"
1074,28.313507080078125,S,"('192.168.0.15', 5001)"
1075,38.73204779624939,S,"('192.168.0.18', 5001)"
1076,52.688907623291016,S,"('192.168.0.16', 5001)"
1077,37.0766978263855,S,"('192.168.0.15', 5001)"
1078,21.71772003173828,S,"('192.168.0.17', 5001)"
1079,34.466944217681885,S,"('192.168.0.18', 5001)"
1080,35.06034278869629,S,"('192.168.0.17', 5001)"
1081,40.39538383483887,S,"('192.168.0.18', 5001)"
1082,28.332494497299194,S,"('192.168.0.16', 5001)"
1083,39.02388882637024,S,"('192.168.0.15', 5001)"
1084,53.60829758644104,S,"('192.168.0.16', 5001)"
1085,33.871480226516724,S,"('192.168.0.17', 5001)"
1086,36.3399875164032,S,"('192.168.0.18', 5001)"
1087,42.25520610809326,S,"('192.168.0.18', 5001)"
1088,33.93855667114258,S,"('192.168.0.16', 5001)"
1089,42.82011389732361,S,"('192.168.0.16', 5001)"
1090,33.02356457710266,S,"('192.168.0.15', 5001)"
1091,30.53510022163391,S,"('192.168.0.17', 5001)"
1092,34.99397158622742,S,"('192.168.0.17', 5001)"
1093,36.8484468460083,S,"('192.168.0.15', 5001)"
1094,38.43081521987915,S,"('192.168.0.15', 5001)"
1095,34.120142698287964,S,"('192.168.0.18', 5001)"
1096,37.86436104774475,S,"('192.168.0.18', 5001)"
1097,32.93053221702576,S,"('192.168.0.16', 5001)"
1098,25.440680027008057,S,"('192.168.0.16', 5001)"
1099,28.763699531555176,S,"('192.168.0.15', 5001)"
1100,27.4934504032135,S,"('192.168.0.15', 5001)"
1101,31.12467622756958,S,"('192.168.0.18', 5001)"
1102,39.630794286727905,S,"('192.168.0.16', 5001)"
1103,46.80133318901062,S,"('192.168.0.18', 5001)"
1104,38.405272483825684,S,"('192.168.0.15', 5001)"
1105,35.26113414764404,S,"('192.168.0.17', 5001)"
1106,33.49162697792053,S,"('192.168.0.17', 5001)"
