"(3, 15)","(3, 16)","(3, 17)","(3, 18)",eva_count_list
8.974907871347682,9.015484800057218,8.268573555789606,8.47904573283463,1
9.04534496319122,8.80149620616096,8.254516935170077,8.454117836965333,2
8.941135788867763,8.882706274225903,8.317227875086015,8.494005125990068,3
8.844085978595263,9.05700104000367,8.246999443659897,8.510040294278067,4
8.986917293903762,9.017590695353705,8.279715580382172,8.495328592900899,5
8.892301169965222,8.87232001838828,8.266742103421077,8.482211332523956,6
8.92944408625705,8.933355433442914,8.301414746936219,8.532443064829376,7
9.04013332339198,8.985845235578871,8.289681365041062,8.493472610058635,8
8.988057798546249,8.604254198039952,8.286755441825678,8.448320740804856,9
8.947219048870505,8.988790703382975,8.288544307953861,8.510259850576778,10
9.080490915434249,9.001361614403136,8.257722360862937,8.530161388307906,11
8.850802265162415,9.019788066618228,8.298121077361914,8.534092321485083,12
8.991593149179232,8.850122190358853,8.27225345495888,8.489594940675104,13
8.856851285911851,8.947336914543637,8.30521760654902,8.509779601331585,14
8.863338496499386,9.004939378234768,8.276422872632956,8.536022867175028,15
8.984208521062168,9.182589412519345,8.26619278056604,8.499120493351127,16
8.868345221180366,9.060831178215276,8.272426842424956,8.482603479095294,17
8.837222746843235,9.107068161064651,8.370664075742928,8.584644115094893,18
8.97229769480468,8.902700075811513,8.271216252161516,8.573356175093718,19
8.906635425126558,9.016453425189855,8.321421406274691,8.610165545438807,20
8.831760640649621,8.811093902082366,8.310449508933129,8.564353098032962,21
8.914574856069333,8.826148833227453,8.290731467735112,8.563130941277489,22
8.816593484905109,8.996913632334728,8.316721387784474,8.539907409851443,23
8.825825587771227,9.053114606172297,8.308325766383016,8.53384987677283,24
8.80508585323999,8.957833400715625,8.372396920202375,8.629665710573892,25
8.865752711137635,9.074727138520217,8.310402841688827,8.543676085379504,26
8.843333524863151,9.070890039115813,8.357488982616456,8.62171473806988,27
9.037835561924576,9.144326199435028,8.402048025401331,8.52769699015394,28
8.977383145410053,8.954653064365244,8.448268488376707,8.612380970295664,29
9.121012393568956,9.100982362994483,8.389432714412914,8.594948244977255,30
8.93708151622969,9.180559743870367,8.382167623405,8.552065720249457,31
8.810497215584103,8.98674460107807,8.315619941354827,8.570710765144138,32
8.979534771337235,8.759579652642747,8.409041962793626,8.593711707974851,33
8.943468900354146,8.926773355610093,8.476581750043147,8.593169026534822,34
8.958539446559508,8.915654129399124,8.355666146242282,8.611353058753306,35
9.13029055349107,9.05193583969185,8.391389788913695,8.517415182957649,36
8.78559156092823,8.822885327318987,8.41813936230528,8.600107746844916,37
9.12887463632531,9.21591987920413,8.443951741778985,8.580746299761312,38
9.00447681236428,9.17276317634025,8.460396614133435,8.671643576322314,39
9.017483635339692,8.91799980372886,8.405070570944227,8.559895349361538,40
8.851943885702692,8.941100655070063,8.358545617185202,8.53950452218497,41
8.80916307051177,8.884591819118373,8.321205996743116,8.609291489495906,42
9.12971352091989,8.88899379673281,8.407638543518672,8.60895527821622,43
8.985704923034856,9.2386960523005,8.388026975920624,8.619986143375785,44
8.928788913888129,8.975821952868904,8.511674927005227,8.58201229725656,45
9.110950307271604,9.109320730635941,8.464671328967814,8.633674174529522,46
9.056656570952256,8.893589897703603,8.471533484597655,8.632732562049458,47
8.985070608306113,8.860894504156914,8.466418273434282,8.63368616220906,48
9.105587036640262,8.929238067804894,8.389451918948922,8.649081783074056,49
9.134737523067304,9.250297034290242,8.491010504815524,8.64135639810595,50
9.030359248261298,8.91927095111031,8.43697065223345,8.53101038128126,51
8.9147670946864,8.965846194059239,8.349030701351973,8.598344101542768,52
8.992766402831062,9.143122172331806,8.5651394312188,8.708077562379714,53
8.860703952732262,9.034618580239668,8.58886885042898,8.661203268811898,54
9.050052427259047,9.012034267431229,8.438676218273253,8.703192631537394,55
8.890460500563737,9.173840814344201,8.544664416085187,8.693464822675843,56
9.197048742302966,9.036933323811763,8.597623200012013,8.62393558329677,57
9.063822605218373,9.095159403148156,8.564870692365563,8.7359782950187,58
8.986086650888398,8.88053605772777,8.466653336088863,8.644387932262013,59
8.775077313172597,8.960939417070733,8.443179771366962,8.695155123423554,60
9.099853691114843,9.016646001791957,8.362070411750382,8.623894158245884,61
9.123534653366093,9.087849474244319,8.506911807640908,8.717133587634425,62
9.017380095096925,9.016195538407505,8.520271493033544,8.692360380511756,63
9.194144419303024,9.064261648718544,8.614741873973795,8.723105955479323,64
9.068388385749202,8.872115874780528,8.443569797647989,8.613390777556164,65
9.042323948706349,9.226183839454414,8.388826694963166,8.663461373000384,66
9.081445169993238,9.289818737210723,8.470341579781559,8.664002541448035,67
9.005333849783312,9.108593079057846,8.611968380738926,8.712545926689385,68
9.00211969429329,9.33822663037128,8.296821337521248,8.568871450642629,69
9.137285705297547,8.876167984469234,8.545436925501466,8.666144481085759,70
9.128764819435386,9.090143505486484,8.57726670006468,8.723108355996644,71
9.24450981678877,9.281076467949736,8.511262002074924,8.629548948978428,72
8.997425703338115,9.178702888644205,8.464867458826093,8.70589967688521,73
9.140414196842846,9.060202516510506,8.453176249597904,8.561502720082308,74
9.192702289216808,9.238617417257013,8.647628040157615,8.691373420012333,75
9.273192778546532,9.05874845737642,8.696587333901707,8.794377706751956,76
9.031113194357255,8.927729586838757,8.446745510295752,8.658537403608834,77
9.093398523687497,9.00064148237042,8.49752348105363,8.677646202240298,78
8.90890822506392,8.96122896969624,8.500081066303894,8.70544812312922,79
9.327267305569999,9.073325355751441,8.65230125190362,8.785113866205883,80
9.004373679115542,9.138337094462248,8.551933332998512,8.64813807964561,81
8.992472996783839,9.057181735757116,8.5541280099985,8.675918778865542,82
9.029531016531653,9.034431313409174,8.588584730812766,8.7252857924173,83
9.211266508395626,9.147026298065128,8.706155859501292,8.78920041335964,84
9.234372194337125,9.070257454703471,8.669135269377586,8.7982133469488,85
9.253859436475002,9.06871490255965,8.613674977112098,8.763852493747038,86
9.215094864687279,8.832936855405624,8.488202423456233,8.691038127097011,87
9.14463007555027,8.986633853725674,8.567893034451313,8.746135377142986,88
9.108376947999478,9.26359867366779,8.667315998692667,8.781867541509076,89
9.086039323204826,9.316402188464291,8.49684045419314,8.689243268832271,90
9.260283301462142,8.954211963079498,8.568341519921576,8.764538960123915,91
9.150584040194122,8.9485651676645,8.558257008345638,8.699019526325534,92
9.009259192982732,9.090315239474233,8.680373281859655,8.787735658813938,93
8.977640985449105,9.127048764178163,8.55401407786019,8.770537178109901,94
9.230061726723012,9.182356705323162,8.569847631170155,8.745038353361327,95
9.071318380023907,9.021703073043913,8.603661038810168,8.713023986457925,96
9.0509032395408,8.909041817158228,8.556250864967529,8.698383050237233,97
9.301774241136915,9.17284336066989,8.53923285737855,8.672755589539602,98
9.169439576339299,9.318484959607373,8.545437820765802,8.725741823452731,99
8.867610647199678,8.904484437437857,8.593414612337952,8.81288022761091,100
9.256209454786793,9.035756351858502,8.718994517227527,8.8062478969474,101
8.705061640620274,9.160763272186156,8.582658844073185,8.759060713853883,102
9.00204671773929,8.86511159549055,8.386906663023405,8.6167279052749,103
9.095285149364802,9.047086591819834,8.646465827540224,8.728376210000066,104
8.934981474316228,9.050820957558546,8.624850800433512,8.742381969422244,105
9.093629620633465,8.958166004791641,8.406334764433353,8.654886190445678,106
9.29151855306973,9.083422752113,8.723719691702359,8.712509873497833,107
9.174364360495378,9.110649100892013,8.48632944942166,8.644066568999682,108
9.196010958585465,9.108079868049037,8.760120549471791,8.773462780661045,109
8.994515185668885,8.92621243193845,8.532405844820769,8.704073573141695,110
9.040523818708738,9.044400210974711,8.742767187702515,8.816473370184127,111
8.976567385017544,8.900957127183498,8.657796303651,8.883370630274788,112
9.076015381536171,9.287715090822541,8.520320946156469,8.649731726516535,113
8.984831998520944,9.064555502114914,8.439310456910201,8.644912968095284,114
8.973539592617644,9.210888721190187,8.627429019710416,8.67780139569496,115
9.06091129426171,9.235946409105605,8.502009747494874,8.72849373396562,116
9.156736748014087,8.890329155250777,8.482722249434023,8.57359243281157,117
9.276692875581407,9.042516991644188,8.594086628826293,8.718967434804103,118
9.15368631179292,9.190894338753155,8.696951036375038,8.807390286181606,119
9.025440483083045,8.938448567566143,8.614655597912591,8.678711640037589,120
9.17555736859843,9.14329534287982,8.586885516605744,8.783201211636474,121
9.163752631857891,9.05676416675411,8.623036030878835,8.72628761374907,122
9.329922835624462,9.081109230438958,8.67942186863266,8.724025544908296,123
8.925984617061173,8.946976522247512,8.53207871106257,8.731605091158851,124
9.148417011340229,9.138038800691684,8.703545092093822,8.659784022298918,125
9.270809007543821,8.986186115947202,8.782063000249178,8.837439177273025,126
9.081880335693763,9.2840449644215,8.599164040320241,8.684754597616765,127
9.02771065143671,9.10265278796376,8.624453512996249,8.787237932888695,128
9.13523980175757,9.200499908821948,8.734273873515317,8.750488498225424,129
9.187490394524904,9.142141243526897,8.896561586889309,8.973436058697581,130
8.834025478870656,9.237742586854925,8.768845141536437,8.865521958256995,131
9.220015057701698,9.023291839343642,8.661526704056005,8.767510856072645,132
9.116521222880893,9.111909168705258,8.583544148486137,8.730087387497148,133
9.169451681033474,8.960777859449454,8.717618664363602,8.795461239098891,134
9.124355827280173,9.061911043164383,8.632990083758088,8.665903739378559,135
9.276810398928934,9.235175881630166,8.741411522761146,8.797174436475645,136
9.108893661958614,9.031288211330065,8.663825979700984,8.769113859405264,137
9.012625234459016,9.305893505251346,8.580099037640275,8.678875688792903,138
8.947816849864607,9.233289000379271,8.511566256262148,8.729776546008365,139
9.08941330430402,9.104863129861567,8.56683140689338,8.717482034921883,140
9.037524768635437,9.169627141935644,8.598276641872605,8.761901108925327,141
8.77940877448761,9.191384516161055,8.531144618539209,8.694067520732624,142
9.132970764293635,9.030114040905339,8.746208182199993,8.815706599256702,143
9.037295270260241,9.130153122874937,8.658916855107709,8.710401329072983,144
9.016203222873855,8.937504717127846,8.635390636265203,8.76805495837323,145
9.032335844676497,9.183063122690877,8.405996695162688,8.698404862928083,146
8.944233078652157,8.979300163835159,8.606595039963372,8.700121257509632,147
9.110033689248139,8.953567905876394,8.599714782429093,8.725247489880799,148
9.238838555154599,9.28985040389518,8.485422062500783,8.635559395023465,149
9.169073516872501,9.154736556255639,8.564030985868555,8.723374280086775,150
9.007373213611311,9.039778557404608,8.448714681469417,8.540747590465296,151
8.990457288943016,8.924125044597407,8.588661039651763,8.73571124877646,152
9.145001268901172,9.29998031025723,8.455786976440487,8.634531908826599,153
9.067730859940234,8.931513055023604,8.815857121493417,8.79632673810765,154
8.789122260670764,9.255781523264705,8.801779954852861,8.795718812611938,155
9.26855318053995,9.063824616417484,8.517512934816972,8.63087286777606,156
9.10408313432242,9.373555866680409,8.648929005482966,8.656686580330078,157
8.866976429770949,9.279714323746607,8.675857236736409,8.792793182186257,158
9.019448961068083,9.025537669448372,8.649360240241084,8.786276844617825,159
9.194935968482067,9.084493455771074,8.605171748367935,8.789970223703975,160
9.063579177678966,9.096709747364592,8.483866736601412,8.74088623037056,161
9.204271985300489,9.070761731076812,8.63926709238042,8.681364787380978,162
8.998233262870178,8.904909223744443,8.675753775545934,8.83416196199518,163
8.83126968863257,9.145214937782693,8.799834968399832,8.813687479929804,164
9.067341421286764,9.002060059866043,8.68466057135352,8.651155948736557,165
8.978023830355266,9.29038876813792,8.667719398967414,8.749955442495102,166
9.067126479133211,9.066351348217838,8.891778600936766,9.046454742174708,167
9.239944760468541,8.97789740421782,8.663315376153603,8.747768018549158,168
9.110676646396158,9.151316899076827,8.708213330004993,8.737489781731586,169
8.663587021893113,9.019060800361,8.719719822388038,8.744048676770362,170
9.015686884559907,9.083400775430288,8.771532052799412,8.776265800597509,171
9.33116708321129,9.200779711119953,8.714047567011661,8.738131266772328,172
9.155991758584795,9.332557984719564,8.763194242684932,8.80943111183474,173
8.770928946040163,9.115412120615444,8.550494546734004,8.698168122195764,174
9.098684323550073,9.103400781144762,8.815180987062863,8.861525136789524,175
8.958296423954192,9.128488653089747,8.913130680206544,8.948015431517451,176
8.980173993630338,9.203802192483806,8.449409940251295,8.614990428294744,177
8.868734776854714,9.198480442470812,8.657884225431573,8.78162013861723,178
9.168455002698227,9.033294543660094,8.65667325852549,8.831574806117706,179
9.259659844482247,9.416383834644286,8.67805426008282,8.899174501424774,180
9.179740508306132,9.311505534918329,8.652345223764529,8.787350448326984,181
9.335713615249354,9.139531954455332,8.774470713422396,8.885296789105793,182
9.16497071031397,9.165622958956156,8.76302025828471,8.74075346395053,183
8.979894747232654,9.253456323473605,8.703298931651876,8.720241448923668,184
9.134474921743408,9.049332488443875,8.654638743513875,8.78556343954406,185
8.782147011208245,9.14809161334602,8.800766068797682,8.8621962922486,186
8.999612453175073,9.206410470146043,8.610430880504955,8.722796925651831,187
9.0588273635401,8.947377236791597,8.707799849043969,8.80071365240899,188
9.205492857187306,9.211524310396708,8.616472082458392,8.771119827107592,189
9.255423965744328,9.099640543299214,8.804513353725913,8.734585676459298,190
9.18463348723655,9.05454962519263,8.773427618615893,8.743291925047393,191
9.049259046779458,9.045535780924238,8.656309714911378,8.603186995958477,192
9.21106966152238,9.315405120806904,8.691562490151176,8.67832804730838,193
9.070870040371535,9.110611240405696,8.874552078886678,8.938982183406916,194
9.059168047101027,9.278596371270783,8.736169067876824,8.758308427288195,195
9.161668340308964,9.230822826536894,8.580379664286188,8.71936574301461,196
9.015837986337544,9.119571728389529,8.586916710602889,8.698091790109682,197
9.401576551770585,9.00297005451797,8.698502231676493,8.698309382155553,198
9.147504928228166,9.252782843125335,8.844773591915155,8.86791373250827,199
8.837769445894143,9.232612451914175,8.607894012347355,8.800385840252744,200
9.22810159133028,9.292745669325706,8.718231490908192,8.845838767586882,201
9.076406214770335,9.098354788233166,8.603208727012072,8.648322254718062,202
9.15110285709834,9.221384017122142,8.843608949023565,8.881101910602187,203
8.703288023870535,9.110018351184397,8.886119225562108,8.82687316864779,204
9.258491520732877,9.116756428766287,8.728192231878197,8.831650597405702,205
9.156372961872783,8.910009097055688,8.622780204250166,8.679587081425971,206
8.887192501839838,9.287260766285312,8.721220610943686,8.811212567773921,207
9.18996116706339,9.206007720895556,8.631792305527394,8.723461711049692,208
9.098239796243218,9.149877685598359,8.953743664494688,8.9399677722185,209
9.080542761921944,9.233962500075277,8.583409361227373,8.60636623907681,210
9.125221319369619,9.292243520299614,8.88087899905924,8.897295304953952,211
8.976926903487584,9.257447716729557,8.72356800695456,8.783311016720521,212
8.78951585436849,9.072018979392542,8.605416619133125,8.728785867622559,213
9.256587098140098,9.214282670784105,8.750068220748975,8.901429391730051,214
9.07214271139649,9.385280954694982,8.828654512147388,8.905117518472192,215
9.208397959046993,9.202037067465945,8.707625932386444,8.730416428635532,216
9.029659574434188,9.219450149859128,8.74651236484493,8.793560823283325,217
9.150762894202293,9.202927511940079,8.620067241394876,8.814373439032186,218
8.960062375603078,9.102128525605519,8.953746596824892,8.906434029428851,219
9.131592028464686,9.136756432892266,8.645110782357937,8.74985125926421,220
9.025326511676354,9.093777838303819,8.892868328280795,8.95281823554182,221
8.752859012557899,9.219998098816516,8.603417669026218,8.699262334175614,222
9.200592526085547,9.206811504828362,8.824550411638931,8.887455880732876,223
9.374105440213745,9.15027816049474,8.715192075217951,8.844772436044966,224
8.948475469845299,9.150613662614678,8.722108412309753,8.750320848455313,225
9.11501199578704,9.343986005877575,8.581829174884353,8.725667793490391,226
9.211253756192074,9.095887296033535,8.78940921057231,8.819038315816737,227
9.039031532919525,9.163983044284965,8.475612576935855,8.750221429302096,228
9.108323968847387,9.35730285360326,8.624579021154384,8.686062632894338,229
9.043630240686523,9.137298922424314,8.662991728550882,8.769066925476158,230
9.245672645208177,9.264125240729205,8.625277314916527,8.765388089823883,231
9.274309412385708,9.193610813149972,8.781475038665821,8.765769313200808,232
9.21791294992251,9.12017744366474,8.61884577058241,8.698149289765773,233
9.138161944240737,9.271370830185077,8.627760840671245,8.754512022885459,234
9.031406955487853,9.330595599269293,8.597121588838386,8.768814792779542,235
9.284048275131514,9.125407609282588,8.701031859278638,8.712034357247637,236
8.92801098520889,9.140146427686878,8.686566648544009,8.801906614344851,237
9.342948083649343,9.312247392554706,8.71356206072818,8.817209150588534,238
9.002001860797746,9.234655489581204,8.830399799757663,8.903557803429042,239
9.255817024977711,9.219959194968535,8.747891562932065,8.736082473048677,240
9.025117344481066,9.17093468672498,8.704317842500647,8.807036224470222,241
8.985742367713886,8.94202483347288,8.82040042664522,8.958511439192849,242
9.085545892440997,9.044811440301988,8.496378441002294,8.757538154639555,243
9.104603494164845,9.1985693190365,8.72836505102752,8.843374972765831,244
9.199381402010477,9.168991792431509,8.806804607484496,8.897280661953213,245
9.25717132784492,9.20169825510725,8.743290192269406,8.797874553909718,246
9.323647221080696,9.186663581079076,8.903465914884567,8.98975719831306,247
9.398415404715866,9.240653016880989,8.851161568850273,8.759779622371514,248
8.985266443665314,9.216486176253849,8.650523334432368,8.76080115422432,249
9.333545468596803,9.25429543824906,8.802024500719037,8.855196238018463,250
9.247975957209976,9.152713596936701,8.53035157573359,8.66050156195405,251
8.812909483777558,9.181667930901677,8.617890930689196,8.731711983563441,252
9.199101251561235,9.099557089067535,8.810980624194338,8.8972395279593,253
9.192165872531229,8.94667331756655,8.75620813588655,8.9516486174522,254
9.002176844923415,9.268063682319575,8.837639194422149,8.782398515096766,255
9.216674919153736,9.231318029621539,8.706093359616837,8.846569726170255,256
9.154402710435518,9.092965139078386,8.591348567339102,8.759487403064547,257
9.13942178003677,9.033336014503977,8.83845952735323,8.901159913497303,258
8.95922492238191,9.024492071980864,8.808543627252186,8.751162647323188,259
9.281322317233982,9.359654360331984,8.491008981469726,8.72615267656592,260
9.300425549662354,9.185830178051292,8.748666140158546,8.77175562393611,261
8.87220128380374,9.144228485096203,8.642919176863277,8.777691668053134,262
9.267597502256788,9.148926052150298,8.778114281492117,8.88060765959018,263
9.285047252917067,9.083126738275872,8.817391278762656,8.985710542444554,264
9.235866839845226,9.341116890502608,8.790645042826338,8.831161745712233,265
9.17489398890216,9.202040227040758,8.629885745114393,8.887604540195705,266
9.23318498483933,9.13144381910038,8.648228002576213,8.724771258744312,267
9.166657890073816,9.245936335067373,8.710512382771991,8.760204028829628,268
9.039962285200454,9.152769824457975,8.615491354902916,8.675189097072971,269
8.83732364436263,9.168394694925261,8.64317698969318,8.87968872523201,270
9.206560994780407,8.966383354353233,8.659055703046132,8.755086412094295,271
9.05119672546628,9.194264816489456,8.85119872248858,8.999546401198618,272
9.019682659244372,9.108976437413027,8.625529823801765,8.80921931032793,273
9.104476251971388,9.203771277893864,8.829038569674406,8.900741713117862,274
9.16510049766013,9.17669911522813,8.714821746924988,8.90609538200231,275
9.307744974478855,9.420072785283455,8.70198600588492,8.689957226986094,276
9.173880098101861,9.007510964425654,8.774277187782198,8.848497187047606,277
9.206315134179562,9.152816074300086,8.661205453078285,8.770967408227257,278
9.034191619344536,9.054520264360658,8.816160446228269,8.827683182619692,279
9.00633311924022,9.24566403000684,8.731404950018737,8.854626851810778,280
9.27433124789609,9.275089548312337,8.587427010619324,8.727281851971464,281
9.168164705768195,8.856692688178356,8.791608544596759,8.934862757509752,282
9.1999470614537,9.102874431546926,8.802823642625118,8.746403276312327,283
9.041566883221536,9.180513101452135,8.810279150333695,8.734839076600258,284
9.1539629065777,9.127507999232453,8.665187233061202,8.784327748922752,285
9.088171975617552,9.257866197749758,8.77785331082533,8.910034818493493,286
9.258572857512313,9.28377007632189,8.58251433195622,8.719747353870154,287
9.258498555570053,9.123667385487252,8.777655891406607,8.872483858252872,288
9.109227772875698,9.18014293337434,8.624095308445202,8.691409046599528,289
9.147106189966188,9.354621109906372,8.716108499962624,8.874540112733992,290
9.19110105681213,8.991382885624947,8.750420116699367,8.87689433853123,291
8.917989759668682,9.236793009470983,8.697174566325641,8.785139689384645,292
8.938462536745053,9.135189018340517,8.673166977386987,8.878513844912474,293
9.050834334146321,9.272632668777586,8.541377412043081,8.74103254376351,294
9.113024381534924,9.18205286799905,8.706305832374204,8.83578837055595,295
9.27107340970401,9.290086842359766,8.595675119184396,8.701738116162641,296
9.146212546388929,9.24691616954482,8.59913615547663,8.689593586237706,297
9.158564290241298,9.221228396617061,8.523206628891733,8.749167433598673,298
9.319921388099544,9.211746036200921,8.508198922619378,8.653338689054538,299
9.041842258987304,9.26235990447234,8.651949577295898,8.777117233754288,300
8.94999783896122,9.050097644281447,8.624400303770562,8.86858275343577,301
9.35859321337438,8.97370194239243,8.48971620145599,8.664880860489408,302
9.128141779472367,9.085372181105503,8.671315007490284,8.859988863003627,303
9.15054852833165,9.10511195838792,8.818109321453681,8.903195775093813,304
9.202007408301377,9.105763730989842,8.711384881183056,8.826058281696236,305
9.16632144545152,9.008955546399132,8.61325966899388,8.740147575079034,306
9.20235482652339,9.196775306034377,8.673310218952203,8.716076410106762,307
9.179719824398116,9.169877619297118,8.757584289476158,8.921507669249085,308
9.193729401939283,9.082694524359281,8.599502513457802,8.708089977198073,309
9.414409308870908,9.400891568646426,8.577305909973605,8.745291912018661,310
8.927384622308535,9.148515984855836,8.786200235886124,8.838550732484785,311
9.21822793163911,9.02978209402772,8.841400519050207,8.796949549398386,312
9.072284032352794,9.183352426130838,8.50640738270376,8.67641833584531,313
9.061246887160163,9.28115462563544,8.872853159649612,8.967515145951072,314
9.068987486409437,9.17872593685559,8.869986075457664,8.94534895686204,315
8.92707758600274,9.128863484433154,8.612045311697884,8.691034285839898,316
8.938811207716423,9.109504817785446,8.752362897140387,8.90336270482047,317
9.136159347321698,9.24541430712287,8.736408248494755,8.813750154625083,318
9.350468337826157,9.061515918587052,8.458790604594673,8.790979388085152,319
9.030244017471723,9.16183331513642,8.629729027534587,8.678306571703486,320
8.957517221887361,9.33454946878952,8.634145870124835,8.848375032532228,321
9.29845910359877,9.222622088595845,8.7830427232068,8.958115285457213,322
9.150773114865464,9.070664547482336,8.843612024548296,8.945734602796769,323
9.241836434593145,9.271932480034454,8.794273404696195,9.020420091067104,324
9.2578009733351,8.914469882091083,8.804838560488815,8.84942414850468,325
9.012299199075331,9.170902120801232,8.722191740001023,8.90445518434468,326
9.115538880246273,9.175392587706922,8.663153750962621,8.934645222480615,327
9.248258963716994,9.063354688594405,8.546767074122938,8.798810158495852,328
9.131347743433066,9.152933990375539,8.707209117635909,8.84681098237439,329
9.068132428071497,9.127633841016305,8.7938698694859,8.993633764040524,330
9.107044005324559,9.269186201936387,8.667075456871528,8.69452402560928,331
9.044390730882322,9.201806113721165,8.776707212615014,8.912453230487992,332
9.145691305474145,9.173253132615049,8.528882865466702,8.720417097262036,333
9.134199250279735,9.155531374989739,8.96649549820788,8.996403479377324,334
9.147445904514495,9.031864059390651,8.737879980237238,8.875573294709799,335
9.161555151817533,9.292596382861014,8.813491185889923,8.883505216298554,336
9.120809772873653,9.33383142801431,8.72811046223812,8.842301716454184,337
9.137365830921608,9.074756015664235,8.740018102847113,8.818743561387063,338
9.181013092428161,9.354961714758264,8.540109017792696,8.803989890996386,339
9.300399466168082,9.143900666647264,8.58301359921229,8.569359555776472,340
9.087255108355386,9.22328247298385,8.546647167438058,8.764398805643426,341
9.197709941525032,9.336075713406743,8.655529953594757,8.690052194464858,342
9.074486405651617,9.09903632139422,8.624703773513318,8.681511165223181,343
9.080627881107647,9.126268482248893,8.7418874489139,8.805343121271154,344
9.386438334781229,9.065716551168821,8.856516056780753,8.89864928642506,345
9.172488237610734,9.141876463916054,8.669566158971568,8.91993099291656,346
8.947931005528176,9.201001625063649,8.622231393816026,8.83447654049218,347
9.228546299740668,9.289924747463576,8.742311849186947,8.798883221996952,348
9.145055146031375,9.41825340368286,8.642543896048732,8.838395802866426,349
9.119980148004839,9.206895036977588,8.595787283169631,8.817649624442046,350
8.893177224766678,9.049487854165784,8.668725225840522,8.74509679217238,351
9.237101774714402,9.36372304118112,8.680755646253207,8.716925307798803,352
9.20510903570786,9.043167664616504,8.682081459989819,8.747371790073348,353
8.903699423153533,9.078646347247426,8.734906807518025,9.041752250909342,354
9.156894542387125,9.2883651760141,8.630887755118554,8.841697953223784,355
9.227598153194103,9.137826984484267,8.669390792764814,8.754095074655025,356
9.157176940352855,9.205531760451677,8.632792748754579,8.759389224894038,357
9.060700016649417,9.101956385236885,8.754696926028544,8.93352665904705,358
9.372108722759988,9.027338481785252,8.74974176693569,8.764929843465492,359
9.111967771865796,9.253185029388163,8.520121397716562,8.776476159049745,360
9.023718688856794,9.173546716184447,8.789310191154199,8.816487406009909,361
9.02984997246454,9.153640011395332,8.6211449846958,8.747051929630704,362
9.197355241901253,9.102711351831097,8.602058963771094,8.554521837483563,363
9.124596331900538,9.181378584087106,8.546693517046632,8.813280563879916,364
9.29369433265784,9.28129097396265,8.746155926496566,8.906720814694303,365
9.29929037417038,9.170614656204206,8.709374867910153,8.813339224606539,366
9.484226948593555,9.437450173950241,8.592104345816136,8.452373922850272,367
9.348549832210539,9.094498973954899,8.620219743388848,8.708900848820763,368
8.937151024565795,9.190717437317943,8.740516663222321,8.847696935682666,369
9.26825394841624,9.364677789269903,8.808488529805151,8.871628194246842,370
9.203103696620058,9.195676610329027,8.782337039245558,8.957306704266843,371
9.071284431456796,9.10950450481759,8.621773991183275,8.652522385261264,372
9.021877817662665,9.076774379559845,8.513615640898305,8.785488988009861,373
9.277638591903505,9.242623276038746,8.704038423265875,8.856350662425847,374
9.246304245123003,9.18277671806975,8.691502214821877,8.76422825975023,375
9.058875119979083,9.275315519069126,8.595344100868243,8.585467624745498,376
9.082432413460996,9.09891140064723,8.638221632188564,8.730527563103156,377
9.17423475805452,9.05737160503614,8.62557063715096,8.825745005373793,378
9.212453546015805,9.08899684678384,8.695319114306352,8.82848421408214,379
9.150805101249052,9.297772491082915,8.686350379213055,8.647184649168231,380
9.233805076710498,9.276440012351056,8.622328798716698,8.75833626112352,381
9.202088609369886,9.164170216316577,8.681118442214041,8.701929285055666,382
9.239277821814753,8.91973863871803,8.567454821254511,8.783000246063498,383
9.114581171783453,9.107548881458184,8.739037284475682,8.657023955333814,384
9.168006843474377,9.258799719311416,8.70558967119933,8.85676797815797,385
8.983823203230662,9.272981556552203,8.789457569807514,8.766725565346267,386
9.212778190083545,9.152415147452533,8.829350442179628,8.85699869721764,387
8.904841636935796,9.185403962939356,8.74078565346522,8.84985562441878,388
9.294201555345904,9.18097185368551,8.589400492181522,8.642402358359778,389
9.219767952184723,9.306550594758594,8.726550059607664,8.697796653342333,390
9.394185780051268,9.131424012912458,8.800100618018135,8.708482730767711,391
9.095127545315828,9.154636345507285,8.828347266869452,8.970976935971386,392
9.045630189534545,9.21790236880968,8.757069677293117,8.917225645882473,393
9.200213050377027,9.084897912451641,8.649110458946328,8.8220833498364,394
9.267127478351055,9.188058109630248,8.659646568329705,8.835234765104733,395
9.174047488879621,9.178239044239858,8.804969604579949,8.859200197410887,396
9.241664594252793,9.281984285175316,8.896521628315485,8.873216691638348,397
9.085942387418406,9.18673361113734,8.814423094057087,8.87841913576402,398
9.1450996287432,9.146132653533597,8.589619321245836,8.628339126755005,399
9.415986785416136,9.259619005519705,8.699127413916724,8.876667479532017,400
9.349863678060547,9.06265047125675,8.67785365072713,8.682713009703253,401
9.241192675100105,9.246843578211806,8.633154881163799,8.772233268953538,402
9.229490596146878,9.096269813586037,8.70607099952682,8.641998736292653,403
9.032964431322622,9.164282138766843,8.783136891685288,8.813592240713568,404
9.196067301153239,9.202994701660717,8.688579534071225,8.92651665426009,405
9.177784959244805,9.131107113762805,8.882120752686879,8.940469888365598,406
9.258293201404374,9.315133265308187,8.717854089923167,8.7164365053272,407
9.01748998113151,9.290280962030398,8.649094800439013,8.69590029493948,408
9.15232020471255,9.443758124235652,8.713311831147056,8.595334631815806,409
9.13124371787465,9.245022036620625,8.993640757124822,8.859894947165293,410
9.145569950433764,9.155123799601343,8.483016283694218,8.678369340254124,411
9.164832104690788,9.144662206095177,8.968492484622963,8.867081460144961,412
9.321134691223564,9.273962556352219,8.734939581895919,8.719610666641046,413
8.884442680923554,9.151048290424509,8.798170849527322,8.991133107098815,414
9.098870320121836,9.236660510710506,8.750628142283944,8.812492478983485,415
9.136665026687968,9.004582371326283,8.584887106932214,8.69819755695379,416
9.18830572035624,9.213800377375016,8.839664923291593,8.926981487875551,417
9.170803521451685,9.24424235401877,8.644276261300185,8.714692938844838,418
9.087850957073787,9.250644490732281,8.584316991644993,8.722465391085374,419
9.031900597919787,9.213860295437488,8.666282055089855,8.64020329785411,420
9.361163167579207,9.238886863918568,8.709121960156514,8.835065623623143,421
9.361866915116408,9.231130786782836,8.683249179657496,8.812570494640335,422
9.098137690097609,9.15135109983925,8.809507161395658,8.89777495419608,423
9.32898484814002,9.136892143487685,8.769315632907308,8.703037090487415,424
9.101631611121142,9.261494319912615,8.833469434081358,8.868533246644722,425
9.149708737995969,9.100865844671095,8.901013552097579,9.044060211707489,426
9.044137684559276,9.069330947392517,8.76915628016585,8.896036147064894,427
9.036684595594519,9.049602224159127,8.811153308273004,8.953627130671341,428
9.105759634353948,9.174634293369245,8.76848954249328,8.953087352877413,429
9.024582279207667,9.196809202753869,8.79526419717676,8.932176833152885,430
9.224915125336667,9.054375377989894,8.725316382922278,8.780096664105056,431
9.258841230338898,9.177125505769894,8.598536929009766,8.760985386850987,432
9.394429531539007,9.489368567517674,8.476834759665653,8.672636472019796,433
9.252073146033092,9.16025071039354,8.647733795101695,8.774318009675818,434
8.910537222121665,9.340343255771337,8.713911477990642,8.885981614164766,435
9.083804846040362,9.115314155680284,8.724373198997016,8.821695994709591,436
9.15375369019803,9.106444586555124,8.728102962740492,8.821929467540574,437
9.02093586698414,9.008917661171585,8.78676508239348,8.966481171123778,438
9.25941822756894,9.084532050445244,8.610265543626571,8.703062462787301,439
9.181532308828483,9.133501457113061,8.749231712211753,8.921217184875033,440
8.928148619811651,8.958384162499296,8.689413411496057,8.847303518805361,441
9.133063011498653,9.018029132112398,8.758674174967151,8.792540349950693,442
9.046856548013453,9.34379158249111,8.632578876669617,8.656974129915259,443
9.161796726606974,9.01870305926849,8.759001350503102,8.786603644098214,444
8.950402087617793,9.100896151790954,8.88339059359264,8.9724224866283,445
9.169284635335641,9.080943865486791,8.929722848107913,8.979403976043269,446
9.087311397207179,9.178820508028945,8.751328752868778,8.929051415609173,447
9.315609953282998,9.258757934528376,8.761866364309693,8.92939857015492,448
9.013583541506174,9.152511188369662,8.83546880099916,8.872515671541292,449
8.924736215581756,9.217759430004739,8.742282884632246,8.865022960878752,450
8.94177928229098,9.03009137222051,8.88864682809998,8.958665006569518,451
9.118483092199401,9.274105039175854,8.754838747844236,8.91115329705789,452
9.137835553766099,9.021223520523366,8.628350649704277,8.80373674883398,453
9.067151735293619,9.022351442920783,8.734081450737772,8.900604493782012,454
9.33826289973206,9.37561247332091,8.753950103123659,8.854743936397227,455
9.078239201551535,9.263167101984155,8.617293059945018,8.808608796340684,456
9.2679694100686,8.996821455608368,8.614410041152768,8.835356417186398,457
9.142112491622417,9.11586224407079,8.83213739874534,8.769549219107635,458
8.855528033285777,9.000456231339204,8.960182521841872,8.832828840833796,459
9.163154248942634,9.102727024921212,8.86253296224974,8.959070247169326,460
9.126712421072263,9.156799140300555,8.827124989447976,8.922180999836492,461
9.174184137418482,9.222817937187434,8.635589964836896,8.708097046585568,462
9.224413841141125,9.292182896791655,8.903451851775904,8.922514085797909,463
9.274867789528923,9.09344430481352,8.723859326215257,8.783395381750921,464
8.906059243501332,8.926872234511828,8.905501609217637,8.917881539446208,465
9.239248113584482,9.329641193567005,8.626170921236298,8.65726112597924,466
8.96433858675317,9.124461420544408,8.52254539053405,8.73148637719081,467
9.048602923885152,9.187476739983726,8.766446271122026,8.904271866106802,468
9.28309307610867,8.751620272515419,8.759968579077736,8.822440115128959,469
9.131225818043427,8.984075188222006,8.98445724417208,9.077434010958237,470
9.218251215122184,9.155295323688033,8.88885167688202,9.01364059535791,471
9.166535961745499,9.09605204154614,8.697746285206142,8.823323027302493,472
9.252964204192775,9.149766482278547,8.759908459142341,8.966931973616894,473
9.180893558940554,9.378678770648438,8.882699623539006,8.962868922486722,474
9.067049043783342,9.2398715502754,8.773813651502696,9.034506985865269,475
9.307866186268921,9.116286721547443,8.72872047657015,8.759574020891398,476
9.178605253318004,9.290123130971008,8.68359039745686,8.79473501884343,477
9.052355983192026,9.126908623245992,8.596366248435562,8.74009571781363,478
9.208126223171849,9.081109044135614,8.584266481108664,8.814370675500395,479
9.089700747363029,9.213002632805726,8.864243387077623,8.86152303228771,480
9.03804540385868,9.291003857424695,8.754491762960871,8.704014938901604,481
9.203214624722358,9.051239584507476,8.990828031782318,8.938056894236901,482
8.983415596708287,8.928376531913068,8.912995318017025,8.980617209963805,483
8.87908064645541,9.342892099267765,8.757177108498219,8.899859530495505,484
9.2076455923538,9.273295444369419,8.886870379124622,8.92073068218898,485
9.241744933419731,9.294546852937629,8.703806329198065,8.760473421584074,486
8.945886679780244,9.27194447551902,8.85774893825206,9.013719786674738,487
9.218406534882721,9.01060931748549,9.041529426340944,9.050232342036576,488
9.072113959837576,9.099942799065644,8.825641983007046,8.988479482366824,489
9.40914075166586,9.318623035267358,8.733009255581425,8.801167534169789,490
9.091982257887537,9.247708942364586,8.914401847905628,9.116752955583415,491
9.194990201314512,9.231875786474365,8.81015281663104,8.920168461031993,492
8.954625983590748,9.192704317623202,8.720334105592844,8.892225184149178,493
9.133517036848875,8.933188035676213,8.81330928335088,8.772611754621261,494
9.211976274157173,9.129055703703795,8.821104291076258,9.003026169746928,495
9.260413358609336,8.889780139594482,9.041688417367467,9.049456624474358,496
9.07663814811156,8.987089951687325,9.012264346401825,8.875710695195643,497
9.378344332652052,9.098391135385883,8.926630881715019,8.92254732168076,498
9.335769801409738,9.169864060218865,8.684954078376546,8.892764625729722,499
9.447636252604925,9.238168904565281,8.522997254751711,8.865947907007392,500
9.266768026114473,9.229797318521332,8.66352262338843,8.659689849056122,501
9.140037441149463,9.211397018855703,8.509961822038536,8.709130807448457,502
9.295900063956738,9.309153072711123,8.793520049255907,8.670293322353306,503
9.190936040705424,9.313547347647969,8.860385927820923,8.986978985173575,504
9.306262296947693,9.125378397847765,8.804542320289197,8.956549563832759,505
9.184413229397526,9.073786741593896,8.731049965383301,8.758662725264749,506
9.364248838026663,9.156037997393593,9.003093468047764,8.956252744475464,507
9.25238319072138,9.369984727056584,8.757524951731082,8.888314818259113,508
9.292314680561713,9.258047366492155,8.721300919371195,8.662096597470773,509
9.328991171658819,9.312196541910579,8.565871613581482,8.55295917574355,510
9.166563214720483,9.222067498524332,9.019181489025708,9.19785658517197,511
9.414693800466406,9.210959373150967,8.704677359293836,8.825054457530134,512
9.390920941811506,9.137119839684757,8.715186370823591,8.695874515358966,513
9.352000789198325,9.037869247381277,8.573778241466584,8.66124798510585,514
9.126188035277167,9.191014858059054,8.782317734556434,8.934799802658588,515
9.241739324779843,9.206685924881812,8.893867003438832,8.860061700639752,516
9.1317575418576,9.113138154201803,8.672832727926568,8.837575477837756,517
9.282883040246329,9.22008557063867,8.821180600794666,8.991590652794944,518
9.26955205207498,9.16813339803624,8.666925894519341,8.792178073692302,519
9.13873519978325,9.333134414330223,9.012823732552926,9.001325576401909,520
9.014813898600812,9.222658046812276,8.735356330974517,8.951381764643703,521
9.084517922421213,9.017930468114749,8.991892408024986,9.00858970804281,522
9.293875354190076,9.138251027641026,8.777252296327834,8.86819696493465,523
9.153169082948008,9.286044070920354,8.788885239071888,8.892893767221363,524
9.19099183852219,8.973822071594693,8.717921360956066,8.80632952022294,525
9.27423719228976,9.119544676310225,8.846150709949535,9.020288592948686,526
9.015455236997127,9.097112450143921,8.796244467367519,8.88841490546816,527
8.795984331474614,9.312317640160243,9.010532872380335,9.021317166166714,528
9.046003305545616,9.366998172560411,8.863837584959127,8.939803543344137,529
9.241324060804647,9.35484399325632,8.59288018145086,8.704798797089092,530
9.130064896287825,9.163716531691978,8.926471010158691,9.122979458393633,531
9.098859000926122,9.078247231334418,8.800639071124467,8.921688037891794,532
9.184263763799072,9.403639138111858,8.795250967862563,8.972493553252981,533
9.220997308040031,9.222077902628016,8.717378895719131,8.770769644323,534
9.300332476480254,9.316982813677889,8.966707960664957,8.917661426986667,535
9.163441908181428,8.941396108939333,8.772202398136809,8.90290630582151,536
9.18804151032318,9.130169889968654,8.552437236846956,8.698127278605583,537
9.211848430405547,9.083830412371185,8.661949274463144,8.675650230488746,538
9.2001969936151,9.375684412699917,8.774797419516771,8.766183026724493,539
9.278550328403353,9.208558017899886,8.846921065803672,8.76365363473664,540
9.073250875185229,9.28082109583606,8.822470931435369,8.811322870829368,541
9.296799717291801,9.05673154393568,8.87850892217057,8.881430832003094,542
8.821429639946967,9.217701375691899,8.667586244186948,8.653874389360357,543
8.806784864837322,9.07360985169435,8.820969884426257,8.84128007106585,544
9.07518940403097,9.421917134768368,8.594318533103365,8.834534572517034,545
9.248694281630142,9.248149496769656,8.842154889334275,8.950531449006402,546
9.289961232967606,9.008072793305384,8.678908627043375,8.827763863404494,547
8.893641178414802,9.160058035668502,8.772441645643202,8.936170539722537,548
9.137212854264535,9.231283808615196,8.707989028612985,8.8920100795919,549
9.110978182514572,8.81240408346424,8.973716708581428,8.833862228392793,550
8.956480570552234,9.261518906852137,8.847934927992199,8.80193681172793,551
9.236194810113583,9.210521645106152,8.79688894331033,8.806229278765008,552
9.12646613166489,9.146739692138667,8.933892309598935,8.933188324040149,553
9.22387094656377,9.339728527554096,8.681167407913785,8.951666578778802,554
9.179635341883742,9.109247982165254,8.60738366289709,8.745001126004873,555
9.003297807453036,9.31478116077112,8.770415192713036,8.723104054010744,556
9.243068560031494,9.095938084193595,8.863964446660932,8.69685986212904,557
9.132758851648461,9.185052879350952,8.688880718807969,8.751786054460222,558
9.2713669562957,9.104797800075534,8.905806340538588,8.974055460011408,559
9.165223686034937,9.076106322212262,8.629109550531268,8.489349957923121,560
9.284740989628084,8.88861852027378,8.81519905036473,9.0280652806733,561
9.265055401652958,9.137871114854784,8.76865803167955,8.814000198139695,562
9.20594864566446,9.395315133911218,8.581831896909467,8.740964523440052,563
9.184356421311433,9.091433710822013,8.77482263386408,8.769635233670058,564
8.959802724275587,9.166111710129066,8.635020975943252,8.606524936012205,565
9.081977146268079,9.098843156891856,8.517036478244744,8.66882051040719,566
9.239700402908577,9.08923463365232,8.893728459201538,8.862099301584937,567
9.289006968298445,9.127905033397525,8.939087664222338,8.975691795389878,568
9.301497185205717,9.321223666336508,8.935741656868393,8.875640328040545,569
8.94238942261116,9.13447281828179,8.65935587765145,8.742311689984978,570
9.124123633640405,9.04165783409493,8.803423790806713,8.936365463044442,571
8.967525702204302,9.164462577154008,8.623691759163785,8.700058601620494,572
9.124616492692292,9.231688052403575,8.529032965660155,8.710003885321575,573
9.355341997748361,9.303337590705478,8.799067945260532,8.970136653063935,574
9.05550038989578,9.211904940083578,8.863143047368002,8.85956460640059,575
9.290116577818766,8.937005143085088,8.905103930418546,8.96112847943552,576
9.071000483372295,9.120469021063688,8.737078348755492,8.90087959083261,577
9.161579049634458,9.010999578353346,8.735614881034758,8.835480563480761,578
9.056617768915249,9.053664022345272,8.622794388732547,8.740663989591837,579
9.208230442100605,9.140106402669112,8.871506476083876,8.712747083274623,580
9.134824182995882,9.337556440140624,8.65383995522839,8.695487720638425,581
9.351794722048623,9.239901884911955,8.926421203620313,8.973541499499788,582
9.084761403990658,9.228674247417963,8.666211766489756,8.835337304076242,583
9.149031039052977,9.442050417757933,8.916915046453472,8.903247103423858,584
9.040155246156166,9.231877664463592,9.106993917444202,9.180944539386875,585
9.192842441753855,9.241757299936012,8.693446414454348,8.834332751942052,586
9.097006203149173,9.210500685555909,8.858036587341072,8.904948566468832,587
9.31841018300292,9.31343906052553,8.725568276812261,8.673350161640126,588
9.062146028114341,9.147216352577693,8.865613670446695,8.894429404024198,589
9.148767264235884,9.06672721800012,8.670072978598935,8.795916937108847,590
9.03732545572161,9.093649961284948,8.944359507355866,8.81723975005674,591
9.160291625440532,9.266528919847953,8.804666958770436,8.939539406955173,592
9.0731064033935,9.267253859437169,8.739981112445202,8.900114859636867,593
9.086253358322384,9.094073973181308,8.454565631453013,8.640882334084804,594
9.209498081766375,9.234806619998876,8.944587956824337,9.0386866975618,595
8.961889483863283,9.336084706199312,8.755860368359698,8.826735542197465,596
9.13665227735673,9.24237344214701,8.788719800803154,8.883745893428586,597
9.223696405322688,9.127056390843595,8.811431037827559,8.853097553807611,598
9.08550129313756,9.036300102103073,9.148860567748526,8.993625727258115,599
9.290489333886274,9.201282647987906,8.611853394809886,8.745698365637846,600
9.325429640628077,9.203763571406814,8.8407361260866,8.903885856856188,601
8.868623384460147,9.42422235881525,8.641547969091965,8.756225689642996,602
9.06341349716342,9.10126012537464,8.82509743713107,8.752573715290831,603
9.33138968895506,9.346965423460192,8.757930860249278,8.82648849286649,604
9.23405081543201,9.21854872020912,8.767590660099547,8.924131312950557,605
9.026126611303372,9.146277062690192,8.67998006818605,8.779467384298949,606
9.09812814139205,9.277652025431095,8.89198128995628,8.953479448163382,607
9.178445493591846,9.23335134531619,8.755024594342427,8.868025913294474,608
9.125888172020298,9.160612844160678,8.80239233864312,8.993291338546344,609
9.15035552913252,9.211386782028928,8.572965761685841,8.795146647176642,610
9.241181777322796,9.25676752390408,8.78155186111216,8.88762212875099,611
9.132121463466486,9.154265619551168,8.845990260945275,8.7089859083276,612
9.013509076272864,9.250646082800468,8.863989546705065,9.10623803599042,613
9.287745820591873,9.233022958754413,8.797284027897183,8.843912105713851,614
9.012495765915018,9.03762374233047,8.816237219592134,9.018057374340867,615
9.068577807477775,8.928378877606956,9.207627412723479,9.227637848275085,616
9.194660419937703,9.25117283798061,8.843315355368313,8.852332327456416,617
8.819607271833286,9.207044311148977,8.766065248460832,8.93125980695191,618
9.291278421440541,9.223989317237846,8.726383263878784,8.721464786316627,619
9.167167932067995,9.277654840989744,8.754642276248852,8.736975199886286,620
9.238779307753111,9.30083412996886,8.834394480674348,8.82355664645937,621
9.13488960476768,9.066117020543427,8.565706771069845,8.740923717030356,622
9.023789115465027,9.305726341527233,8.611661131232603,8.743383666906873,623
9.348557057468907,9.260765353055513,8.744252759452971,8.827903089953514,624
9.105475631280061,9.386569391087335,8.905588265177299,8.836255347346208,625
9.14196606820598,8.934052921229496,8.571832716773018,8.730200392707948,626
9.162718655132917,9.220555539663057,9.03464134498066,8.91884639526457,627
9.070887378015495,9.258827119880674,8.778180601041232,9.01683263578617,628
9.44257405312611,9.169254073036877,8.9115949515439,8.851207041610099,629
9.244610361118337,9.063867061480504,8.767301911922774,8.931780002111342,630
8.838506974868968,9.164736654127314,8.909827387297849,9.004513829666601,631
9.270226907101648,8.867614055177635,8.932679173024669,8.979916920950838,632
9.061698217187866,9.225430078311351,8.977127524364107,8.954075422244149,633
9.305899955263289,8.917834911760183,8.807839943276042,8.93638747693874,634
9.356800570273723,9.083512670232073,8.608381523951811,8.909154688156097,635
9.119692155239754,9.177443869627176,8.779017828964857,8.917324082538135,636
9.370430145855726,9.2019432364978,8.748741275800736,8.79427704272541,637
9.081142941174054,9.022079684425744,9.055769421042836,9.149631236520877,638
9.207571570385847,9.209718089350718,8.764154587507594,8.664326012986926,639
9.285202414210849,9.176325538355226,8.771999056669523,8.883982001341067,640
9.106170777413174,9.102014415341264,9.039922259287836,8.975773342219764,641
9.098071606835422,9.188067516663377,8.606626202744863,8.725593122670151,642
9.105554139541885,9.142425799364725,8.83229467697513,8.812526742763605,643
9.014659172359137,9.120044429470429,8.603727196792128,8.624942526308708,644
9.066391391562833,9.068104531516031,8.785839749420923,8.802855705076471,645
9.102592407072809,9.037432846174244,8.860013104991877,9.032434985055954,646
8.903928052988876,8.887245280157101,8.911205334351854,8.956952667776068,647
9.052245394493962,9.258213274220232,8.747686753228933,8.908448395034014,648
9.198460434311187,9.083311823579452,8.833920402015426,8.802305023809854,649
9.218966837151061,9.338429011133218,8.74731690863543,8.80403411988597,650
9.21981233866881,8.998832120970333,8.878949853466874,8.96268754508137,651
9.284840151599218,9.220908227121706,8.80042771987325,8.8346610771128,652
9.177951117710071,9.163295835709459,8.810328976652983,8.912644976959132,653
8.992394831565484,9.220234632133955,8.781283210088247,8.835703635026453,654
9.090310565646227,9.167394223429282,8.753320863436766,8.808066661769152,655
9.290614407505398,9.130451811071485,8.836593550180138,8.911724266363194,656
9.186845300010594,9.311523272342061,8.795853907611669,8.914635988797603,657
9.023342943075592,9.183115242889794,8.792959943358865,8.865646420229757,658
9.172414646559977,8.98552104893395,8.994329579890689,8.976738882856615,659
9.069118072923445,9.145902665086536,8.813608340195923,8.734548453694613,660
9.18231005806976,9.225812858285583,8.769228047248271,8.807354992899873,661
9.314233760053863,9.198875262074276,8.792596033386832,8.804850595904387,662
9.137600494732157,9.188318025714572,8.65155424855634,8.775971883844175,663
9.040595575198614,9.070241991923917,8.975312458949668,9.005140764067132,664
9.241268595781374,9.094024432748991,8.822072607722143,8.834566208163759,665
9.230877633781684,9.057439879990707,8.74921061735707,9.002005532961057,666
9.49149322443493,9.151223071719844,8.775344476888574,8.888753672857785,667
8.803733431977,9.133209345548895,8.976693987275317,8.945866522586382,668
9.141259095707056,9.092842545901629,8.807943874103191,8.765975943220125,669
9.359106527080971,9.1029718269296,8.612341812655906,8.734661900911721,670
9.243253871269252,9.260856269584428,8.768243721840381,8.83512718772018,671
8.91105611421229,9.348600883350905,8.78581582914102,8.792421395061382,672
8.954790370480417,9.35441080845691,8.721365143685716,8.776251378923712,673
9.11585588716162,9.234539785345929,8.779889154668243,8.802229119912932,674
8.834231933603617,9.010280405331144,8.710459646463452,8.982245759213498,675
9.170849172832382,9.219960199228463,8.734296541617779,8.61139041019049,676
8.9553855001345,9.131445218908732,8.837412146771864,8.844352200079705,677
9.140919360660687,9.367839775190049,8.619114918353164,8.81409662973041,678
9.13879744318668,9.044232582897145,8.80804432937575,8.800171137739259,679
9.032627671483173,9.102064294885786,8.717083316086539,8.794076818750233,680
9.066623637675281,9.239428956661602,8.609963319075828,8.727080433624785,681
9.15122853011369,9.266898909653017,8.807554793605231,8.683338810110406,682
9.072913592120893,9.260981992876989,8.806635447473393,8.843518922403032,683
9.138616284418536,9.21467810721947,8.765998431440789,8.87429532489056,684
9.068877216807875,9.20204355126412,8.76337633845641,9.007109941681279,685
9.378138180604788,9.041213679975922,8.553244312800022,8.7012958814742,686
9.145071047009186,9.327427067831671,8.946237533599582,8.910802015579772,687
9.29955352370425,9.137672172493554,8.937424419251837,8.825613190859256,688
9.229449635089493,9.057394848590679,8.70608940646176,8.83946307110317,689
9.118241724699192,9.168716408720568,8.76388456396003,8.81403277047302,690
